"algId","target","mean","median","sd","2%","5%","10%","25%","50%","75%","90%","95%","98%","ERT","runs","ps"
"(1+50) EA_var.",38,1,1,0,1,1,1,1,1,1,1,1,1,1,100,1
"(1+50) EA_var.",39,1.02,1,0.2,1,1,1,1,1,1,1,1,1,1.02,100,1
"(1+50) EA_var.",40,1.15,1,1.40255898883851,1,1,1,1,1,1,1,1,1,1.15,100,1
"(1+50) EA_var.",41,1.67,1,5.30114338724404,1,1,1,1,1,1,1,1,2,1.67,100,1
"(1+50) EA_var.",42,2.13,1,7.27893737388427,1,1,1,1,1,1,1,1,9,2.13,100,1
"(1+50) EA_var.",43,2.67,1,9.44848339067378,1,1,1,1,1,1,1,1,53,2.67,100,1
"(1+50) EA_var.",44,3.14,1,9.95547664110138,1,1,1,1,1,1,1,6,53,3.14,100,1
"(1+50) EA_var.",45,4.36,1,13.8224820528373,1,1,1,1,1,1,5,18,54,4.36,100,1
"(1+50) EA_var.",46,9.03,1,20.7955196223522,1,1,1,1,1,1,42,52,73,9.03,100,1
"(1+50) EA_var.",47,11.81,1,23.8148137413534,1,1,1,1,1,2,52,55,103,11.81,100,1
"(1+50) EA_var.",48,16.92,1,30.3719966715753,1,1,1,1,1,19,55,81,103,16.92,100,1
"(1+50) EA_var.",49,22.04,1,35.2952682323843,1,1,1,1,1,52,77,102,104,22.04,100,1
"(1+50) EA_var.",50,28.17,1,40.2570164535001,1,1,1,1,1,53,102,103,122,28.17,100,1
"(1+50) EA_var.",51,36.24,3,46.1471340366656,1,1,1,1,3,60,104,110,135,36.24,100,1
"(1+50) EA_var.",52,42.6,6.5,49.5604925746549,1,1,1,1,6,78,106,127,141,42.6,100,1
"(1+50) EA_var.",53,53.27,52,53.6522387908718,1,1,1,1,52,103,122,141,155,53.27,100,1
"(1+50) EA_var.",54,65.57,58,58.0277284815395,1,1,1,2,58,107,152,155,162,65.57,100,1
"(1+50) EA_var.",55,74.97,71.5,60.4520771881632,1,1,1,6,68,116,156,160,171,74.97,100,1
"(1+50) EA_var.",56,85.99,96.5,60.7298197766222,1,1,1,52,96,138,160,169,185,85.99,100,1
"(1+50) EA_var.",57,98.84,103.5,61.9702959147169,1,1,1,53,103,152,163,192,203,98.84,100,1
"(1+50) EA_var.",58,108.29,106,62.1531661350093,1,1,2,59,106,154,178,205,210,108.29,100,1
"(1+50) EA_var.",59,123.7,122,65.2089880400863,1,1,4,102,120,161,204,215,237,123.7,100,1
"(1+50) EA_var.",60,139.87,153,61.4288871933896,1,9,53,104,153,179,205,215,255,139.87,100,1
"(1+50) EA_var.",61,152.85,160,61.1785555285972,1,11,58,107,160,203,210,223,258,152.85,100,1
"(1+50) EA_var.",62,167.2,163.5,60.8518651723141,1,52,96,140,163,206,240,255,263,167.2,100,1
"(1+50) EA_var.",63,181.13,179.5,61.3003295589869,4,63,103,153,175,209,257,263,281,181.13,100,1
"(1+50) EA_var.",64,193.57,203,59.734979516007,12,88,110,159,203,229,263,271,282,193.57,100,1
"(1+50) EA_var.",65,209.75,211,62.2935985815752,52,104,115,162,210,255,282,304,309,209.75,100,1
"(1+50) EA_var.",66,225.82,223,60.9363602457515,61,113,152,202,223,265,304,310,319,225.82,100,1
"(1+50) EA_var.",67,242.14,253,62.4548353984418,73,125,155,206,253,279,311,320,354,242.14,100,1
"(1+50) EA_var.",68,257.67,258.5,58.8677777100958,102,153,179,218,258,302,318,343,371,257.67,100,1
"(1+50) EA_var.",69,272.33,269,62.2146910124753,108,155,204,253,269,309,354,359,371,272.33,100,1
"(1+50) EA_var.",70,291.26,303,59.5519669505279,148,177,210,262,303,328,360,375,403,291.26,100,1
"(1+50) EA_var.",71,309.75,306,63.4443007127456,153,177,236,270,306,356,384,407,419,309.75,100,1
"(1+50) EA_var.",72,328.34,332,67.2209112485907,153,177,255,293,329,365,413,430,454,328.34,100,1
"(1+50) EA_var.",73,352.93,356,70.5223304415636,165,219,255,312,356,398,453,461,480,352.93,100,1
"(1+50) EA_var.",74,372.39,374,70.5532100938395,214,232,261,326,373,410,460,492,504,372.39,100,1
"(1+50) EA_var.",75,399.92,407,71.6146647134524,219,253,298,358,406,443,486,511,527,399.92,100,1
"(1+50) EA_var.",76,429.29,424.5,81.0625516050863,278,289,321,380,419,469,520,556,580,429.29,100,1
"(1+50) EA_var.",77,454.22,454.5,84.8928712905836,283,308,330,408,454,502,559,585,612,454.22,100,1
"(1+50) EA_var.",78,480.12,470.5,82.3745179780811,305,328,372,435,470,519,581,612,655,480.12,100,1
"(1+50) EA_var.",79,515.2,505,86.2972312488189,369,382,416,456,505,557,608,663,688,515.2,100,1
"(1+50) EA_var.",80,543.59,534.5,85.1297399635558,382,412,436,489,534,602,654,670,710,543.59,100,1
"(1+50) EA_var.",81,577.51,564,88.0049923974128,394,443,467,523,563,631,699,720,749,577.51,100,1
"(1+50) EA_var.",82,612.59,603.5,92.4790006193598,428,460,517,554,603,663,721,756,818,612.59,100,1
"(1+50) EA_var.",83,652.64,637,94.9857533177125,460,509,552,602,637,709,767,801,863,652.64,100,1
"(1+50) EA_var.",84,687.41,668,95.0155856433644,519,552,569,617,668,759,805,835,912,687.41,100,1
"(1+50) EA_var.",85,727.79,709,99.5321677863113,553,569,603,661,709,803,855,886,922,727.79,100,1
"(1+50) EA_var.",86,767.4,752.5,103.201969286668,593,605,652,704,752,852,906,919,963,767.4,100,1
"(1+50) EA_var.",87,809.9,803.5,108.104279996378,602,621,678,743,803,880,955,980,990,809.9,100,1
"(1+50) EA_var.",88,848.95,825,109.946026703464,659,669,708,780,823,928,1003,1019,1076,848.95,100,1
"(1+50) EA_var.",89,893.52,882,117.966223551447,667,708,752,805,881,965,1032,1059,1136,893.52,100,1
"(1+50) EA_var.",90,944.71,935,129.061280174977,708,745,803,858,934,1035,1103,1134,1213,944.71,100,1
"(1+50) EA_var.",91,987.92,968,128.653530496022,727,776,821,903,967,1077,1145,1186,1258,987.92,100,1
"(1+50) EA_var.",92,1036.02,1022.5,128.265348383574,771,814,876,952,1022,1115,1185,1219,1312,1036.02,100,1
"(1+50) EA_var.",93,1084.95,1070.5,129.389504749782,852,868,933,991,1068,1170,1234,1302,1427,1084.95,100,1
"(1+50) EA_var.",94,1143.3,1118,135.686916811973,891,919,964,1052,1118,1230,1314,1365,1454,1143.3,100,1
"(1+50) EA_var.",95,1206.28,1185,139.442546729411,956,961,1038,1106,1185,1310,1376,1419,1503,1206.28,100,1
"(1+50) EA_var.",96,1265.02,1257,138.860076364954,968,1052,1106,1157,1256,1358,1433,1487,1553,1265.02,100,1
"(1+50) EA_var.",97,1332.8,1310,154.614280574518,1036,1104,1157,1235,1309,1419,1506,1618,1719,1332.8,100,1
"(1+50) EA_var.",98,1410.75,1377,160.456317413743,1127,1161,1242,1305,1377,1501,1632,1679,1785,1410.75,100,1
"(1+50) EA_var.",99,1505.23,1475,168.348115462568,1242,1283,1306,1383,1470,1582,1717,1856,1931,1505.23,100,1
"(1+50) EA_var.",100,1664.13,1607,240.40982076278,1254,1305,1386,1500,1607,1816,2030,2092,2185,1664.13,100,1
"(1+2) EA_var.",38,1,1,0,1,1,1,1,1,1,1,1,1,1,100,1
"(1+2) EA_var.",39,1.02,1,0.2,1,1,1,1,1,1,1,1,1,1.02,100,1
"(1+2) EA_var.",40,1.05,1,0.411329453348431,1,1,1,1,1,1,1,1,1,1.05,100,1
"(1+2) EA_var.",41,1.06,1,0.508910501944987,1,1,1,1,1,1,1,1,1,1.06,100,1
"(1+2) EA_var.",42,1.1,1,0.810287391340663,1,1,1,1,1,1,1,1,2,1.1,100,1
"(1+2) EA_var.",43,1.24,1,1.14697670227235,1,1,1,1,1,1,1,2,5,1.24,100,1
"(1+2) EA_var.",44,1.44,1,1.75993571967096,1,1,1,1,1,1,1,5,8,1.44,100,1
"(1+2) EA_var.",45,1.77,1,2.35211059315336,1,1,1,1,1,1,4,8,9,1.77,100,1
"(1+2) EA_var.",46,2.04,1,2.89171578859683,1,1,1,1,1,1,7,9,12,2.04,100,1
"(1+2) EA_var.",47,2.45,1,3.3192885936111,1,1,1,1,1,1,8,11,12,2.45,100,1
"(1+2) EA_var.",48,3.19,1,4.60937779275724,1,1,1,1,1,2,12,15,16,3.19,100,1
"(1+2) EA_var.",49,3.83,1,5.11297616389176,1,1,1,1,1,4,14,16,17,3.83,100,1
"(1+2) EA_var.",50,4.72,1,6.03705728033622,1,1,1,1,1,6,15,19,19,4.72,100,1
"(1+2) EA_var.",51,5.98,2,6.80311871441505,1,1,1,1,2,9,18,20,23,5.98,100,1
"(1+2) EA_var.",52,7.06,4,7.20944946692614,1,1,1,1,4,11,19,22,24,7.06,100,1
"(1+2) EA_var.",53,8.52,6,8.20997176387571,1,1,1,1,6,14,22,25,26,8.52,100,1
"(1+2) EA_var.",54,10.4,9.5,9.18716715881671,1,1,1,1,9,16,22,26,30,10.4,100,1
"(1+2) EA_var.",55,12.22,11,10.0539755441529,1,1,1,2,11,19,25,29,32,12.22,100,1
"(1+2) EA_var.",56,13.86,13.5,10.4842546687686,1,1,1,4,13,20,28,31,34,13.86,100,1
"(1+2) EA_var.",57,16.37,16,11.3721749738721,1,1,1,6,16,23,31,34,46,16.37,100,1
"(1+2) EA_var.",58,18.85,19,11.3211833268078,1,1,3,9,19,25,33,41,46,18.85,100,1
"(1+2) EA_var.",59,21.25,21.5,11.7511013883118,1,1,6,12,21,28,35,44,50,21.25,100,1
"(1+2) EA_var.",60,24.2,25,12.0092556897679,1,4,10,14,25,32,39,44,50,24.2,100,1
"(1+2) EA_var.",61,27.36,28,12.4442352074762,2,6,12,17,28,34,46,50,53,27.36,100,1
"(1+2) EA_var.",62,30.35,31.5,12.5693028341819,8,10,13,20,31,38,49,52,54,30.35,100,1
"(1+2) EA_var.",63,33.51,33,12.3472444069292,10,12,16,26,33,42,50,52,56,33.51,100,1
"(1+2) EA_var.",64,36.93,37,12.3306753892703,13,17,20,28,37,46,52,56,62,36.93,100,1
"(1+2) EA_var.",65,40.43,39.5,13.1558298326582,16,17,22,32,39,50,56,61,64,40.43,100,1
"(1+2) EA_var.",66,43.52,42,13.7491817938378,17,19,25,33,42,53,61,64,70,43.52,100,1
"(1+2) EA_var.",67,47.29,47,14.4441068336613,19,22,28,36,47,56,66,69,76,47.29,100,1
"(1+2) EA_var.",68,51,51.5,14.1713895870618,21,26,32,41,51,61,68,73,76,51,100,1
"(1+2) EA_var.",69,54.68,55.5,14.4403195353437,23,28,36,45,55,63,73,76,81,54.68,100,1
"(1+2) EA_var.",70,59.09,60,14.7539380122287,26,32,39,49,60,68,78,82,84,59.09,100,1
"(1+2) EA_var.",71,63.55,64,16.1140975985049,26,40,42,54,64,74,82,87,92,63.55,100,1
"(1+2) EA_var.",72,68.83,67,15.5797427398011,31,43,52,59,67,80,88,92,104,68.83,100,1
"(1+2) EA_var.",73,74.44,73,17.4091117440601,39,49,53,63,73,85,96,108,114,74.44,100,1
"(1+2) EA_var.",74,79.24,77,17.7502994710831,40,53,58,67,77,92,99,108,114,79.24,100,1
"(1+2) EA_var.",75,85,84,18.8604658404073,43,59,62,70,84,98,108,114,118,85,100,1
"(1+2) EA_var.",76,91.91,91,21.2874008357863,53,62,66,76,90,104,116,131,146,91.91,100,1
"(1+2) EA_var.",77,98.57,97.5,22.3001811833016,56,65,67,87,97,113,127,140,151,98.57,100,1
"(1+2) EA_var.",78,104.84,103.5,23.9396210192529,58,68,72,90,103,119,136,151,161,104.84,100,1
"(1+2) EA_var.",79,112.11,111.5,24.4387070861043,65,76,80,97,111,124,141,156,166,112.11,100,1
"(1+2) EA_var.",80,118.37,119,25.6832512338176,67,82,86,101,119,130,149,166,179,118.37,100,1
"(1+2) EA_var.",81,125.07,126,27.2134306562184,70,85,92,106,126,142,160,168,187,125.07,100,1
"(1+2) EA_var.",82,131.22,131.5,26.3992577183679,77,91,99,111,131,147,160,170,189,131.22,100,1
"(1+2) EA_var.",83,138.7,136.5,28.9274606524316,79,95,105,122,136,153,174,193,200,138.7,100,1
"(1+2) EA_var.",84,148.59,146.5,31.1331759777997,92,105,109,128,146,160,187,205,216,148.59,100,1
"(1+2) EA_var.",85,158.57,155.5,35.0745972712072,98,110,117,133,155,174,207,219,239,158.57,100,1
"(1+2) EA_var.",86,168.26,163,37.0128615374699,102,116,126,143,163,186,214,239,267,168.26,100,1
"(1+2) EA_var.",87,177.37,169,37.881435180219,116,128,131,150,169,199,226,254,275,177.37,100,1
"(1+2) EA_var.",88,189.18,180.5,39.6829302029846,124,136,139,163,180,212,241,267,285,189.18,100,1
"(1+2) EA_var.",89,200.89,192.5,42.486098736629,138,145,151,170,192,231,257,274,304,200.89,100,1
"(1+2) EA_var.",90,213.6,212,43.2981208914114,140,150,161,182,212,242,265,280,308,213.6,100,1
"(1+2) EA_var.",91,225.93,223.5,46.926173481073,142,156,168,191,223,252,290,311,328,225.93,100,1
"(1+2) EA_var.",92,239.52,232.5,51.2970119436155,159,169,181,199,232,264,309,342,347,239.52,100,1
"(1+2) EA_var.",93,255.32,246,53.5182174213566,168,186,195,215,244,285,323,353,387,255.32,100,1
"(1+2) EA_var.",94,273.22,267.5,59.1190512628731,183,196,207,234,267,302,361,383,411,273.22,100,1
"(1+2) EA_var.",95,292.32,283.5,61.591334822786,198,210,216,248,283,323,376,393,425,292.32,100,1
"(1+2) EA_var.",96,318.56,312.5,68.9947033540191,207,219,236,261,312,361,406,428,454,318.56,100,1
"(1+2) EA_var.",97,345.87,339.5,77.4165768013309,220,232,250,287,339,385,450,476,510,345.87,100,1
"(1+2) EA_var.",98,388.84,380,83.5342692636629,257,262,281,333,378,429,501,532,567,388.84,100,1
"(1+2) EA_var.",99,446.99,428.5,93.3975423075517,269,338,348,381,428,502,579,628,648,446.99,100,1
"(1+2) EA_var.",100,549.25,520,140.471886903042,363,383,396,448,518,633,744,784,881,549.25,100,1
"(1+50) EA_BMS",38,1,1,0,1,1,1,1,1,1,1,1,1,1,100,1
"(1+50) EA_BMS",39,1.04,1,0.281410588272579,1,1,1,1,1,1,1,1,1,1.04,100,1
"(1+50) EA_BMS",40,1.17,1,1.42881599638132,1,1,1,1,1,1,1,1,1,1.17,100,1
"(1+50) EA_BMS",41,1.74,1,5.48942049525607,1,1,1,1,1,1,1,1,4,1.74,100,1
"(1+50) EA_BMS",42,2.03,1,6.25462253299934,1,1,1,1,1,1,1,1,19,2.03,100,1
"(1+50) EA_BMS",43,3.42,1,10.5822225616094,1,1,1,1,1,1,1,6,54,3.42,100,1
"(1+50) EA_BMS",44,4.23,1,12.1421338380622,1,1,1,1,1,1,2,33,54,4.23,100,1
"(1+50) EA_BMS",45,7.28,1,18.8845936887156,1,1,1,1,1,1,15,54,55,7.28,100,1
"(1+50) EA_BMS",46,9.35,1,22.1425022082059,1,1,1,1,1,1,52,60,70,9.35,100,1
"(1+50) EA_BMS",47,12.44,1,27.2460987847783,1,1,1,1,1,2,57,82,104,12.44,100,1
"(1+50) EA_BMS",48,17.69,1,33.3474803312701,1,1,1,1,1,8,62,102,104,17.69,100,1
"(1+50) EA_BMS",49,21.99,1,36.4271779435258,1,1,1,1,1,52,77,105,107,21.99,100,1
"(1+50) EA_BMS",50,28.81,1,41.3821058776458,1,1,1,1,1,53,102,107,137,28.81,100,1
"(1+50) EA_BMS",51,37.2,3.5,47.9722141800161,1,1,1,1,3,59,104,129,152,37.2,100,1
"(1+50) EA_BMS",52,47.61,21,53.4687475979845,1,1,1,1,20,102,109,153,157,47.61,100,1
"(1+50) EA_BMS",53,56.96,52,54.6973158723201,1,1,1,1,52,102,129,155,169,56.96,100,1
"(1+50) EA_BMS",54,67.61,57,56.7847068258077,1,1,1,2,57,106,153,161,176,67.61,100,1
"(1+50) EA_BMS",55,79.49,76.5,58.3881984408812,1,1,1,18,75,113,154,166,188,79.49,100,1
"(1+50) EA_BMS",56,93.85,103,64.015997842711,1,1,1,52,103,152,165,203,205,93.85,100,1
"(1+50) EA_BMS",57,110.19,108.5,62.5142723098033,1,1,3,58,108,153,202,206,211,110.19,100,1
"(1+50) EA_BMS",58,123.23,127.5,62.0349941972312,1,2,50,66,126,158,204,210,225,123.23,100,1
"(1+50) EA_BMS",59,138.49,152,62.3568250984897,1,26,54,104,152,168,211,244,253,138.49,100,1
"(1+50) EA_BMS",60,155.74,157,61.0412379238227,5,55,57,110,156,203,226,252,253,155.74,100,1
"(1+50) EA_BMS",61,170.22,161.5,59.6026539982605,11,62,103,124,161,210,252,253,273,170.22,100,1
"(1+50) EA_BMS",62,184.59,199,55.424731926198,59,103,106,153,196,219,254,261,291,184.59,100,1
"(1+50) EA_BMS",63,199.59,204,56.4572055685194,59,105,119,158,204,235,262,302,307,199.59,100,1
"(1+50) EA_BMS",64,215.23,216,56.8597166167523,59,119,154,165,216,255,302,306,315,215.23,100,1
"(1+50) EA_BMS",65,232.01,226,55.1542364463492,103,153,158,202,225,262,304,320,351,232.01,100,1
"(1+50) EA_BMS",66,248.96,254,59.0267735862295,105,156,169,205,254,297,316,353,371,248.96,100,1
"(1+50) EA_BMS",67,263.58,259.5,60.1824129483259,137,165,195,210,259,307,338,364,403,263.58,100,1
"(1+50) EA_BMS",68,280.08,281.5,59.7494228872006,153,175,205,241,279,316,353,369,406,280.08,100,1
"(1+50) EA_BMS",69,299.18,303,60.4991660348231,165,207,216,256,303,345,365,407,426,299.18,100,1
"(1+50) EA_BMS",70,315.21,312,61.3514951700116,182,215,244,260,312,358,393,424,431,315.21,100,1
"(1+50) EA_BMS",71,331.57,323,65.3883897580565,202,252,256,280,322,367,422,452,460,331.57,100,1
"(1+50) EA_BMS",72,354.83,356.5,64.0925869111998,225,255,272,306,356,403,438,462,489,354.83,100,1
"(1+50) EA_BMS",73,376.52,373.5,71.0200540749448,225,268,299,312,372,418,474,504,518,376.52,100,1
"(1+50) EA_BMS",74,397.7,403,70.4806729006275,258,303,308,345,403,436,504,529,552,397.7,100,1
"(1+50) EA_BMS",75,423.32,412.5,74.3593350365017,303,308,330,364,412,482,518,553,562,423.32,100,1
"(1+50) EA_BMS",76,446.62,455,76.2178933894612,303,315,353,391,454,500,536,558,605,446.62,100,1
"(1+50) EA_BMS",77,474.61,468.5,82.9658436473782,343,352,365,407,468,518,582,615,663,474.61,100,1
"(1+50) EA_BMS",78,505.5,507,84.8758451557868,343,358,395,453,507,559,605,655,709,505.5,100,1
"(1+50) EA_BMS",79,543.51,537,91.2246084777523,358,412,421,480,535,603,653,721,757,543.51,100,1
"(1+50) EA_BMS",80,567.91,561.5,93.1783447985311,410,421,453,504,560,618,681,748,758,567.91,100,1
"(1+50) EA_BMS",81,605.81,600,99.5057173120107,421,457,474,545,598,656,712,806,857,605.81,100,1
"(1+50) EA_BMS",82,637.17,620.5,100.720240109309,460,491,507,567,619,703,762,840,860,637.17,100,1
"(1+50) EA_BMS",83,671.32,664,102.499557032795,473,506,551,596,664,726,802,861,902,671.32,100,1
"(1+50) EA_BMS",84,702.39,695,107.440459903346,473,554,574,619,692,764,845,902,910,702.39,100,1
"(1+50) EA_BMS",85,741.03,742,112.785615441443,503,562,603,663,738,807,870,939,966,741.03,100,1
"(1+50) EA_BMS",86,782.63,762,116.806120550166,551,604,638,707,762,856,912,971,1037,782.63,100,1
"(1+50) EA_BMS",87,825.78,814,117.944309748373,576,638,672,751,813,909,955,1032,1070,825.78,100,1
"(1+50) EA_BMS",88,869.61,856,123.42059934806,576,677,722,792,856,954,1009,1063,1130,869.61,100,1
"(1+50) EA_BMS",89,918.49,915,125.597118846836,621,677,771,829,915,1003,1063,1112,1199,918.49,100,1
"(1+50) EA_BMS",90,959.81,956.5,125.942803676827,667,724,807,864,956,1046,1104,1166,1241,959.81,100,1
"(1+50) EA_BMS",91,1007.05,1003.5,123.29207950508,702,778,861,918,1003,1088,1155,1174,1264,1007.05,100,1
"(1+50) EA_BMS",92,1054.87,1040,127.650774784293,764,814,925,972,1028,1136,1209,1277,1323,1054.87,100,1
"(1+50) EA_BMS",93,1109.99,1103.5,131.520516892371,793,857,969,1018,1103,1204,1268,1342,1372,1109.99,100,1
"(1+50) EA_BMS",94,1157.15,1153,133.820275599836,838,911,1019,1064,1153,1254,1310,1381,1420,1157.15,100,1
"(1+50) EA_BMS",95,1220.89,1206.5,138.123783965578,857,976,1076,1134,1205,1310,1372,1457,1548,1220.89,100,1
"(1+50) EA_BMS",96,1282.88,1269,137.178294363374,907,1070,1118,1198,1269,1353,1472,1524,1579,1282.88,100,1
"(1+50) EA_BMS",97,1356.27,1349.5,145.798176195103,954,1115,1186,1272,1347,1439,1558,1618,1681,1356.27,100,1
"(1+50) EA_BMS",98,1428.9,1411.5,155.919980772319,964,1199,1256,1325,1410,1515,1633,1694,1778,1428.9,100,1
"(1+50) EA_BMS",99,1543.2,1522,191.318920373625,1062,1253,1345,1415,1519,1666,1786,1869,1932,1543.2,100,1
"(1+50) EA_BMS",100,1730.18,1700.5,246.290966135585,1104,1353,1479,1552,1698,1908,2034,2114,2253,1730.18,100,1
"(1+2) EA_BMS",38,1.03,1,0.171446607997765,1,1,1,1,1,1,1,1,2,1.03,100,1
"(1+2) EA_BMS",39,1.09,1,0.473435755030621,1,1,1,1,1,1,1,1,3,1.09,100,1
"(1+2) EA_BMS",40,1.22,1,1.08785768528532,1,1,1,1,1,1,1,1,5,1.22,100,1
"(1+2) EA_BMS",41,1.31,1,1.44735914162605,1,1,1,1,1,1,1,2,6,1.31,100,1
"(1+2) EA_BMS",42,1.58,1,2.05076974954688,1,1,1,1,1,1,1,6,9,1.58,100,1
"(1+2) EA_BMS",43,1.89,1,2.68137986488263,1,1,1,1,1,1,6,9,10,1.89,100,1
"(1+2) EA_BMS",44,2.14,1,3.14311818409552,1,1,1,1,1,1,7,9,12,2.14,100,1
"(1+2) EA_BMS",45,2.59,1,3.99771399323628,1,1,1,1,1,1,9,11,14,2.59,100,1
"(1+2) EA_BMS",46,3.03,1,4.56038054410712,1,1,1,1,1,1,11,12,16,3.03,100,1
"(1+2) EA_BMS",47,3.66,1,5.09350943690481,1,1,1,1,1,3,12,14,17,3.66,100,1
"(1+2) EA_BMS",48,4.58,1,5.90356851506961,1,1,1,1,1,6,14,16,21,4.58,100,1
"(1+2) EA_BMS",49,5.8,1,6.61342375304756,1,1,1,1,1,10,15,20,21,5.8,100,1
"(1+2) EA_BMS",50,6.85,2,7.51480021173033,1,1,1,1,2,11,16,22,26,6.85,100,1
"(1+2) EA_BMS",51,8.26,4,8.34195917205801,1,1,1,1,4,14,19,24,26,8.26,100,1
"(1+2) EA_BMS",52,9.63,6.5,8.91447013443748,1,1,1,1,6,16,22,26,29,9.63,100,1
"(1+2) EA_BMS",53,11.4,9,9.71513450158249,1,1,1,2,9,19,25,29,30,11.4,100,1
"(1+2) EA_BMS",54,13.17,11.5,10.2070039332279,1,1,1,4,11,21,27,30,33,13.17,100,1
"(1+2) EA_BMS",55,15.18,14.5,10.7029496547976,1,1,1,6,14,24,30,32,34,15.18,100,1
"(1+2) EA_BMS",56,17.04,16,11.2877156791144,1,1,1,8,16,26,33,34,35,17.04,100,1
"(1+2) EA_BMS",57,19.43,18,12.2954003060847,1,1,2,10,18,30,36,37,46,19.43,100,1
"(1+2) EA_BMS",58,22.06,21,12.2183997695808,1,1,5,13,21,31,38,41,46,22.06,100,1
"(1+2) EA_BMS",59,25.08,24.5,12.6200737963874,1,2,9,16,24,34,42,44,50,25.08,100,1
"(1+2) EA_BMS",60,27.93,27,13.1412335875298,1,5,12,19,27,38,45,48,54,27.93,100,1
"(1+2) EA_BMS",61,31.01,30.5,13.6762678765189,4,7,14,22,30,39,50,52,58,31.01,100,1
"(1+2) EA_BMS",62,34.11,33.5,14.4333333333333,5,12,17,24,33,42,52,55,65,34.11,100,1
"(1+2) EA_BMS",63,37.96,37.5,15.104297334858,6,16,20,26,37,47,55,61,72,37.96,100,1
"(1+2) EA_BMS",64,40.99,42,15.2093106784342,8,16,20,31,42,51,58,65,74,40.99,100,1
"(1+2) EA_BMS",65,44.56,44,16.1503791743336,13,17,25,35,44,53,62,73,77,44.56,100,1
"(1+2) EA_BMS",66,48.5,47,16.7546164300223,14,20,26,40,47,58,68,79,84,48.5,100,1
"(1+2) EA_BMS",67,51.96,51,17.356581146381,17,20,30,43,51,62,72,82,86,51.96,100,1
"(1+2) EA_BMS",68,55.9,55,17.6323279772975,18,24,34,44,55,65,80,86,89,55.9,100,1
"(1+2) EA_BMS",69,62.25,62.5,20.8561087628367,20,31,39,49,62,71,86,93,102,62.25,100,1
"(1+2) EA_BMS",70,66.33,66,21.4221894777402,27,33,41,51,66,77,89,99,110,66.33,100,1
"(1+2) EA_BMS",71,72.23,71,24.4324899602264,34,40,44,53,71,82,100,106,124,72.23,100,1
"(1+2) EA_BMS",72,77.74,76,24.3955700565459,39,43,46,63,76,91,107,113,126,77.74,100,1
"(1+2) EA_BMS",73,83.48,82,24.6271099695954,46,49,54,67,82,94,112,122,135,83.48,100,1
"(1+2) EA_BMS",74,88.89,87,24.0957245044414,48,56,60,72,87,98,116,127,141,88.89,100,1
"(1+2) EA_BMS",75,94.96,91.5,26.6249370464471,49,59,65,78,91,105,129,144,157,94.96,100,1
"(1+2) EA_BMS",76,101.96,97,27.1173730142121,63,65,71,83,97,117,136,149,166,101.96,100,1
"(1+2) EA_BMS",77,108.52,104.5,27.6374361833344,65,70,76,87,104,128,147,156,168,108.52,100,1
"(1+2) EA_BMS",78,116.1,113,27.4360597341778,70,78,83,93,112,134,152,163,172,116.1,100,1
"(1+2) EA_BMS",79,123.28,117.5,29.3825619967856,76,86,90,101,117,145,160,169,190,123.28,100,1
"(1+2) EA_BMS",80,130.9,127,31.4843235001584,79,86,94,107,126,152,173,186,193,130.9,100,1
"(1+2) EA_BMS",81,137.91,133,32.8894981857293,79,93,98,112,133,160,181,191,217,137.91,100,1
"(1+2) EA_BMS",82,146.17,141,33.2283361490208,87,99,106,120,141,167,187,206,219,146.17,100,1
"(1+2) EA_BMS",83,152.76,148.5,33.3033562175576,89,106,111,128,147,173,191,210,234,152.76,100,1
"(1+2) EA_BMS",84,161.84,160,34.4224263285352,90,107,124,134,160,181,206,219,234,161.84,100,1
"(1+2) EA_BMS",85,173.31,172,36.3278269388772,110,120,131,144,171,192,220,236,257,173.31,100,1
"(1+2) EA_BMS",86,182.8,183.5,36.5054306185595,118,132,140,156,183,199,231,242,262,182.8,100,1
"(1+2) EA_BMS",87,193.92,194.5,37.6296895463348,120,136,143,170,194,213,245,256,266,193.92,100,1
"(1+2) EA_BMS",88,207.81,208,39.7968820158291,138,146,152,184,207,230,264,276,285,207.81,100,1
"(1+2) EA_BMS",89,218.97,216.5,42.1261825059577,138,155,164,190,215,247,274,291,311,218.97,100,1
"(1+2) EA_BMS",90,232.83,233,41.160208056723,155,170,176,204,233,259,283,302,313,232.83,100,1
"(1+2) EA_BMS",91,246.24,244,43.5820647013925,163,175,184,216,244,276,302,317,324,246.24,100,1
"(1+2) EA_BMS",92,265.33,263.5,45.9475007838601,176,182,211,238,263,291,320,361,373,265.33,100,1
"(1+2) EA_BMS",93,281.13,281,46.7336434952747,183,188,226,250,281,305,334,370,378,281.13,100,1
"(1+2) EA_BMS",94,306.9,296.5,56.1913218074165,206,227,242,271,296,337,374,397,447,306.9,100,1
"(1+2) EA_BMS",95,330.94,326,63.4808202960118,219,238,258,285,326,366,404,457,487,330.94,100,1
"(1+2) EA_BMS",96,363.21,353.5,64.0945159096858,242,271,289,319,353,402,455,472,522,363.21,100,1
"(1+2) EA_BMS",97,395.27,383.5,74.4860986284615,250,292,313,342,383,439,498,526,545,395.27,100,1
"(1+2) EA_BMS",98,443.32,437,88.4298363653126,253,322,338,383,437,497,553,579,594,443.32,100,1
"(1+2) EA_BMS",99,502.29,485.5,113.431623599079,259,346,371,417,485,562,630,701,767,502.29,100,1
"(1+2) EA_BMS",100,621.54,610,162.282296749781,360,400,425,507,610,696,819,925,985,621.54,100,1
"(1+50) EA_L1",38,1.02,1,0.14070529413629,1,1,1,1,1,1,1,1,1,1.02,100,1
"(1+50) EA_L1",39,1.8,1,5.87925646367434,1,1,1,1,1,1,1,1,2,1.8,100,1
"(1+50) EA_L1",40,2.33,1,8.65973499022979,1,1,1,1,1,1,1,1,27,2.33,100,1
"(1+50) EA_L1",41,2.93,1,11.7776153028626,1,1,1,1,1,1,1,2,30,2.93,100,1
"(1+50) EA_L1",42,3.98,1,13.3060174736884,1,1,1,1,1,1,1,28,53,3.98,100,1
"(1+50) EA_L1",43,5.54,1,18.5343906391237,1,1,1,1,1,1,1,44,56,5.54,100,1
"(1+50) EA_L1",44,7.16,1,21.8159056051711,1,1,1,1,1,1,1,52,69,7.16,100,1
"(1+50) EA_L1",45,8.56,1,24.9096630473259,1,1,1,1,1,1,7,57,98,8.56,100,1
"(1+50) EA_L1",46,10.14,1,26.9076310005286,1,1,1,1,1,1,30,57,103,10.14,100,1
"(1+50) EA_L1",47,13.57,1,32.8625097254386,1,1,1,1,1,1,52,98,106,13.57,100,1
"(1+50) EA_L1",48,17.69,1,36.8004981850337,1,1,1,1,1,3,54,104,111,17.69,100,1
"(1+50) EA_L1",49,23.05,1,42.069297089157,1,1,1,1,1,35,94,110,146,23.05,100,1
"(1+50) EA_L1",50,31.04,1,48.0424727914706,1,1,1,1,1,52,108,135,155,31.04,100,1
"(1+50) EA_L1",51,39.82,3.5,51.8890385653109,1,1,1,1,3,56,109,153,155,39.82,100,1
"(1+50) EA_L1",52,49.07,38,55.7076160398961,1,1,1,1,37,79,135,154,192,49.07,100,1
"(1+50) EA_L1",53,58.38,52,61.2477631007736,1,1,1,1,52,102,150,155,207,58.38,100,1
"(1+50) EA_L1",54,70.6,54,64.9000785979509,1,1,1,1,54,105,152,202,207,70.6,100,1
"(1+50) EA_L1",55,80.77,80,65.5019245611312,1,1,1,6,78,111,160,204,217,80.77,100,1
"(1+50) EA_L1",56,90.91,102,68.0181340942,1,1,1,52,102,152,163,204,217,90.91,100,1
"(1+50) EA_L1",57,106.21,104.5,70.7365713422168,1,1,1,52,104,153,204,208,253,106.21,100,1
"(1+50) EA_L1",58,119.75,110,73.5879018108907,1,1,2,80,110,159,207,252,264,119.75,100,1
"(1+50) EA_L1",59,134.34,137,74.7051064472365,1,1,27,102,136,177,210,256,291,134.34,100,1
"(1+50) EA_L1",60,149.4,154,75.6405641801735,1,3,44,106,154,203,246,273,302,149.4,100,1
"(1+50) EA_L1",61,163.31,157,73.8036837656071,3,52,54,118,156,206,255,290,312,163.31,100,1
"(1+50) EA_L1",62,180.87,171.5,72.6746805422576,29,54,80,152,170,215,256,302,325,180.87,100,1
"(1+50) EA_L1",63,197.65,206,72.5133738970915,52,80,102,153,206,252,282,307,356,197.65,100,1
"(1+50) EA_L1",64,214.86,211,70.768368782967,67,102,108,160,211,258,302,311,367,214.86,100,1
"(1+50) EA_L1",65,232.81,224.5,68.9607844936512,97,110,152,202,221,275,309,346,367,232.81,100,1
"(1+50) EA_L1",66,250.36,255,72.1585683747882,106,121,155,205,254,302,339,361,407,250.36,100,1
"(1+50) EA_L1",67,268.21,259,74.7574252249409,116,152,162,210,259,310,361,406,421,268.21,100,1
"(1+50) EA_L1",68,285.71,281,74.4347446567879,152,153,190,245,281,332,365,412,427,285.71,100,1
"(1+50) EA_L1",69,304.54,303.5,74.7933746323088,156,164,205,254,303,355,405,420,444,304.54,100,1
"(1+50) EA_L1",70,322.06,314,75.2536210075467,158,202,215,260,312,367,414,453,455,322.06,100,1
"(1+50) EA_L1",71,342.34,343.5,75.7325464107644,193,213,253,285,335,405,452,458,472,342.34,100,1
"(1+50) EA_L1",72,362.95,361.5,77.1908791126375,205,226,262,308,361,412,458,485,507,362.95,100,1
"(1+50) EA_L1",73,387.02,374,76.1951216657377,247,262,304,328,373,448,485,507,537,387.02,100,1
"(1+50) EA_L1",74,408.22,404,81.4355517627841,253,271,311,353,404,455,514,556,570,408.22,100,1
"(1+50) EA_L1",75,432.54,420.5,86.8381078196489,264,304,316,356,420,502,557,564,573,432.54,100,1
"(1+50) EA_L1",76,456.85,456,90.0907931483623,264,307,352,402,454,515,578,611,629,456.85,100,1
"(1+50) EA_L1",77,483.28,468,94.0465262033058,306,328,375,406,465,555,610,632,667,483.28,100,1
"(1+50) EA_L1",78,509.85,507,95.0143396939364,312,375,402,429,507,579,638,667,698,509.85,100,1
"(1+50) EA_L1",79,535.03,530,95.8257525328387,378,402,406,458,526,606,657,703,707,535.03,100,1
"(1+50) EA_L1",80,567.04,575.5,94.1350759560565,378,413,452,503,572,618,681,738,760,567.04,100,1
"(1+50) EA_L1",81,598.1,607,101.397059308264,378,421,468,524,606,660,723,770,803,598.1,100,1
"(1+50) EA_L1",82,629.35,626.5,99.8043920209259,421,459,505,557,625,702,759,802,817,629.35,100,1
"(1+50) EA_L1",83,669.41,661.5,103.263524317861,469,508,533,592,659,740,804,855,890,669.41,100,1
"(1+50) EA_L1",84,703.82,700.5,104.930701518727,503,553,580,608,699,764,852,898,913,703.82,100,1
"(1+50) EA_L1",85,746.42,751,106.816389239203,565,595,606,663,750,809,903,931,959,746.42,100,1
"(1+50) EA_L1",86,785.74,778.5,108.90934233795,568,606,654,704,778,852,953,965,1010,785.74,100,1
"(1+50) EA_L1",87,829.25,823.5,112.151536644476,624,635,703,741,820,895,1002,1013,1067,829.25,100,1
"(1+50) EA_L1",88,866.58,855,117.170356853824,657,667,719,778,855,935,1035,1070,1122,866.58,100,1
"(1+50) EA_L1",89,910.28,903,116.935282109465,703,712,769,815,903,964,1086,1118,1166,910.28,100,1
"(1+50) EA_L1",90,958.55,953.5,120.60540676692,752,757,785,863,953,1027,1110,1178,1216,958.55,100,1
"(1+50) EA_L1",91,1008.94,1003.5,119.898258216007,804,812,848,910,1002,1079,1169,1238,1257,1008.94,100,1
"(1+50) EA_L1",92,1051.95,1043,122.531164866887,832,854,880,960,1034,1122,1206,1282,1307,1051.95,100,1
"(1+50) EA_L1",93,1103.34,1089,122.931057298328,903,911,945,1010,1085,1173,1284,1345,1359,1103.34,100,1
"(1+50) EA_L1",94,1156.3,1153.5,127.152616484239,926,960,985,1060,1153,1244,1329,1388,1406,1156.3,100,1
"(1+50) EA_L1",95,1212.87,1202,123.60303476056,1003,1022,1056,1119,1198,1306,1374,1422,1461,1212.87,100,1
"(1+50) EA_L1",96,1275.27,1268,132.314887272519,1053,1065,1107,1175,1268,1355,1460,1520,1586,1275.27,100,1
"(1+50) EA_L1",97,1338.12,1324.5,142.039067040222,1103,1117,1154,1215,1324,1423,1526,1594,1644,1338.12,100,1
"(1+50) EA_L1",98,1409.65,1404,157.461258663196,1152,1162,1236,1310,1403,1500,1618,1688,1729,1409.65,100,1
"(1+50) EA_L1",99,1518.15,1483.5,179.210128625645,1209,1304,1328,1380,1477,1613,1735,1910,1993,1518.15,100,1
"(1+50) EA_L1",100,1699.46,1655,248.309859374585,1303,1404,1444,1518,1654,1817,1984,2113,2229,1699.46,100,1
"(1+50) EA_half",38,1,1,0,1,1,1,1,1,1,1,1,1,1,100,1
"(1+50) EA_half",39,1.03,1,0.222701503353614,1,1,1,1,1,1,1,1,1,1.03,100,1
"(1+50) EA_half",40,1.56,1,3.8751213731399,1,1,1,1,1,1,1,1,2,1.56,100,1
"(1+50) EA_half",41,2.29,1,7.44311084089838,1,1,1,1,1,1,1,1,28,2.29,100,1
"(1+50) EA_half",42,3.05,1,10.018543413152,1,1,1,1,1,1,1,2,52,3.05,100,1
"(1+50) EA_half",43,3.9,1,11.7305609672368,1,1,1,1,1,1,1,32,56,3.9,100,1
"(1+50) EA_half",44,4.92,1,13.728742981001,1,1,1,1,1,1,3,35,56,4.92,100,1
"(1+50) EA_half",45,8.19,1,20.8654637081848,1,1,1,1,1,1,34,55,83,8.19,100,1
"(1+50) EA_half",46,10.28,1,23.5779729425752,1,1,1,1,1,1,38,64,96,10.28,100,1
"(1+50) EA_half",47,14.02,1,27.9100213709931,1,1,1,1,1,2,55,82,103,14.02,100,1
"(1+50) EA_half",48,18.64,1,33.4843608904579,1,1,1,1,1,27,79,102,105,18.64,100,1
"(1+50) EA_half",49,25.41,1,40.1879661871887,1,1,1,1,1,39,98,109,145,25.41,100,1
"(1+50) EA_half",50,33.64,2,43.2073974212656,1,1,1,1,2,56,103,109,152,33.64,100,1
"(1+50) EA_half",51,42.51,31.5,47.669632245108,1,1,1,1,30,66,107,148,159,42.51,100,1
"(1+50) EA_half",52,49.91,52,49.4188642262663,1,1,1,1,52,79,108,153,163,49.91,100,1
"(1+50) EA_half",53,60.55,54,55.4542991383832,1,1,1,1,54,102,152,158,194,60.55,100,1
"(1+50) EA_half",54,71.42,60.5,56.1418081848334,1,1,1,8,60,103,153,158,194,71.42,100,1
"(1+50) EA_half",55,83.67,96,58.6923247954874,1,1,1,38,96,109,155,194,204,83.67,100,1
"(1+50) EA_half",56,93.54,102,57.8502804616793,1,1,1,53,102,131,162,203,206,93.54,100,1
"(1+50) EA_half",57,104.23,104,59.4518487789263,1,1,2,57,104,148,184,206,213,104.23,100,1
"(1+50) EA_half",58,118.19,110,60.7200389600759,1,2,52,78,110,154,202,208,252,118.19,100,1
"(1+50) EA_half",59,130.74,130,59.8082153743332,1,29,53,102,130,159,203,221,259,130.74,100,1
"(1+50) EA_half",60,142.42,154,57.3877789404432,1,43,56,106,154,167,203,240,266,142.42,100,1
"(1+50) EA_half",61,155.69,156,60.7817248916817,5,53,102,109,156,193,226,266,302,155.69,100,1
"(1+50) EA_half",62,170.26,161.5,59.138532790441,41,59,103,147,161,203,252,266,302,170.26,100,1
"(1+50) EA_half",63,183.11,195.5,60.2844930393389,58,65,106,153,195,207,256,266,319,183.11,100,1
"(1+50) EA_half",64,199.54,203,59.2577693836279,65,105,148,154,203,229,261,303,333,199.54,100,1
"(1+50) EA_half",65,214.16,206,60.3773855584083,105,129,153,162,206,254,301,310,370,214.16,100,1
"(1+50) EA_half",66,227.42,215.5,61.9124797719745,105,137,155,192,215,263,306,316,370,227.42,100,1
"(1+50) EA_half",67,245.22,250,63.8088338141928,105,153,171,203,248,277,315,355,397,245.22,100,1
"(1+50) EA_half",68,262.14,255.5,63.5354064973844,152,164,197,210,255,302,354,363,409,262.14,100,1
"(1+50) EA_half",69,279.37,265,64.6236431387557,164,193,205,230,264,317,355,402,424,279.37,100,1
"(1+50) EA_half",70,297.22,300.5,66.682055799567,205,206,210,253,300,337,367,428,453,297.22,100,1
"(1+50) EA_half",71,318.45,312,69.2132373337805,205,209,224,263,312,357,407,438,462,318.45,100,1
"(1+50) EA_half",72,340.93,328.5,74.2117166550464,207,216,253,285,327,380,445,461,503,340.93,100,1
"(1+50) EA_half",73,367.03,356,73.2247757099861,252,258,266,312,356,406,459,503,527,367.03,100,1
"(1+50) EA_half",74,389.18,371,73.7042109181742,261,282,302,347,371,425,499,527,559,389.18,100,1
"(1+50) EA_half",75,414.32,410,77.4237820065774,262,302,308,356,410,459,526,552,577,414.32,100,1
"(1+50) EA_half",76,438.58,426,78.4804138211271,302,313,341,378,426,490,552,591,602,438.58,100,1
"(1+50) EA_half",77,467.41,455,87.4861137610427,313,344,358,406,455,510,599,629,636,467.41,100,1
"(1+50) EA_half",78,490.93,471.5,91.5987357109168,330,352,365,431,470,552,630,652,683,490.93,100,1
"(1+50) EA_half",79,527.29,513,88.8908415820872,361,390,415,461,512,582,655,682,704,527.29,100,1
"(1+50) EA_half",80,560.03,555.5,89.8487455154888,389,423,456,502,554,607,683,705,753,560.03,100,1
"(1+50) EA_half",81,594.65,589.5,90.5757537739387,415,452,487,531,588,653,706,753,764,594.65,100,1
"(1+50) EA_half",82,629.94,629.5,95.0858007009958,457,492,508,556,629,690,753,784,835,629.94,100,1
"(1+50) EA_half",83,662.67,654,97.833816528671,457,506,523,603,654,712,796,818,852,662.67,100,1
"(1+50) EA_half",84,699.12,681,97.8259927038047,523,550,577,646,679,753,819,879,903,699.12,100,1
"(1+50) EA_half",85,741.75,729,102.774969931615,557,562,608,661,729,804,870,915,957,741.75,100,1
"(1+50) EA_half",86,776.16,768,103.9903569733,566,609,646,705,768,831,907,952,1003,776.16,100,1
"(1+50) EA_half",87,821.99,812.5,103.912307142886,633,653,682,753,812,879,956,1002,1039,821.99,100,1
"(1+50) EA_half",88,860.31,860.5,105.517550361745,657,684,728,803,860,912,1002,1055,1090,860.31,100,1
"(1+50) EA_half",89,905.89,905,109.32630197272,715,743,754,838,904,966,1054,1102,1118,905.89,100,1
"(1+50) EA_half",90,954.71,952,109.0718690876,755,797,807,867,952,1021,1104,1152,1156,954.71,100,1
"(1+50) EA_half",91,1000.78,990.5,111.6671261863,803,821,853,910,989,1070,1133,1204,1214,1000.78,100,1
"(1+50) EA_half",92,1051.77,1052.5,111.555472000854,853,870,908,959,1050,1117,1202,1253,1261,1051.77,100,1
"(1+50) EA_half",93,1101.9,1107,112.884897129776,914,925,962,1008,1106,1166,1256,1307,1318,1101.9,100,1
"(1+50) EA_half",94,1162.83,1158,109.977596892194,953,1007,1014,1083,1158,1224,1304,1352,1369,1162.83,100,1
"(1+50) EA_half",95,1220.59,1207.5,119.474615451876,1007,1015,1059,1140,1207,1304,1398,1409,1470,1220.59,100,1
"(1+50) EA_half",96,1282.86,1264,129.273886681641,1049,1089,1109,1202,1262,1364,1438,1530,1550,1282.86,100,1
"(1+50) EA_half",97,1364.03,1354,148.505310927715,1103,1157,1180,1256,1353,1442,1552,1655,1694,1364.03,100,1
"(1+50) EA_half",98,1439.5,1416,153.303850920552,1207,1239,1259,1325,1415,1513,1678,1745,1774,1439.5,100,1
"(1+50) EA_half",99,1551.6,1505,195.038095216956,1252,1307,1353,1418,1505,1649,1818,1945,2026,1551.6,100,1
"(1+50) EA_half",100,1723.38,1669,257.334816293419,1348,1413,1453,1518,1666,1852,2072,2226,2352,1723.38,100,1
"(1+50) EA_L3",38,1.01,1,0.1,1,1,1,1,1,1,1,1,1,1.01,100,1
"(1+50) EA_L3",39,1.33,1,2.90612380251695,1,1,1,1,1,1,1,1,2,1.33,100,1
"(1+50) EA_L3",40,2.33,1,6.5397850024896,1,1,1,1,1,1,1,1,31,2.33,100,1
"(1+50) EA_L3",41,2.96,1,8.73391161629267,1,1,1,1,1,1,1,1,38,2.96,100,1
"(1+50) EA_L3",42,3.34,1,10.214092067711,1,1,1,1,1,1,1,2,52,3.34,100,1
"(1+50) EA_L3",43,5.37,1,13.527118292265,1,1,1,1,1,1,2,45,52,5.37,100,1
"(1+50) EA_L3",44,7.08,1,16.5753132730881,1,1,1,1,1,1,31,52,58,7.08,100,1
"(1+50) EA_L3",45,9.33,1,20.4406284866511,1,1,1,1,1,1,52,56,60,9.33,100,1
"(1+50) EA_L3",46,12.01,1,25.145031840557,1,1,1,1,1,1,53,65,87,12.01,100,1
"(1+50) EA_L3",47,13.92,1,28.3861112717349,1,1,1,1,1,1,57,82,102,13.92,100,1
"(1+50) EA_L3",48,17.32,1,31.7998411786899,1,1,1,1,1,3,77,90,104,17.32,100,1
"(1+50) EA_L3",49,23.17,1,35.4703048373217,1,1,1,1,1,34,88,103,114,23.17,100,1
"(1+50) EA_L3",50,28.41,1,39.5367352514523,1,1,1,1,1,52,102,103,116,28.41,100,1
"(1+50) EA_L3",51,34.59,4,41.6908039178082,1,1,1,1,4,54,102,111,132,34.59,100,1
"(1+50) EA_L3",52,42.77,34,43.7691037656067,1,1,1,1,34,64,104,114,132,42.77,100,1
"(1+50) EA_L3",53,49.57,52,45.4173141460657,1,1,1,1,52,80,107,127,152,49.57,100,1
"(1+50) EA_L3",54,57.24,54.5,47.7375230935908,1,1,1,1,54,100,113,135,152,57.24,100,1
"(1+50) EA_L3",55,65.69,62.5,51.0641693748111,1,1,1,4,61,104,130,152,153,65.69,100,1
"(1+50) EA_L3",56,77.62,85,52.5767894405772,1,1,1,33,85,110,149,153,178,77.62,100,1
"(1+50) EA_L3",57,88.65,102,54.0927701063439,1,1,1,48,102,124,154,160,190,88.65,100,1
"(1+50) EA_L3",58,97.24,104,52.7848922371245,1,1,4,54,104,141,158,171,190,97.24,100,1
"(1+50) EA_L3",59,109.3,107,53.0613329130079,1,4,39,60,107,153,165,180,216,109.3,100,1
"(1+50) EA_L3",60,117.91,117.5,54.4430190495744,1,27,53,70,116,156,177,198,216,117.91,100,1
"(1+50) EA_L3",61,133.25,144,53.8423390534575,2,28,57,102,142,164,204,208,225,133.25,100,1
"(1+50) EA_L3",62,148.17,154,53.6202613220266,28,59,81,105,154,188,217,225,257,148.17,100,1
"(1+50) EA_L3",63,160.27,158,56.6002917863771,28,59,94,114,157,204,225,253,267,160.27,100,1
"(1+50) EA_L3",64,172.22,174,58.279816143301,55,74,102,124,174,207,233,267,306,172.22,100,1
"(1+50) EA_L3",65,189.07,190,62.9629127648839,74,101,105,152,189,227,264,284,318,189.07,100,1
"(1+50) EA_L3",66,200.17,202,65.4806710627517,80,102,107,154,202,252,274,318,337,200.17,100,1
"(1+50) EA_L3",67,216.43,209,65.9781498878702,100,102,134,161,208,256,314,324,353,216.43,100,1
"(1+50) EA_L3",68,234.73,235.5,69.1801710073491,100,115,152,191,235,273,321,338,355,234.73,100,1
"(1+50) EA_L3",69,251.82,254,73.5416297965398,102,115,158,204,254,306,338,360,375,251.82,100,1
"(1+50) EA_L3",70,272.63,280,74.8884227273205,102,153,163,211,279,318,356,386,419,272.63,100,1
"(1+50) EA_L3",71,297.12,303.5,70.9562790410654,159,180,203,249,303,356,380,403,431,297.12,100,1
"(1+50) EA_L3",72,318.31,308.5,81.5187522579742,159,187,219,265,308,364,431,457,472,318.31,100,1
"(1+50) EA_L3",73,346.13,348.5,84.2595383204762,165,205,239,280,345,407,455,478,506,346.13,100,1
"(1+50) EA_L3",74,369.47,363.5,87.0921322218574,166,233,253,305,363,434,485,507,525,369.47,100,1
"(1+50) EA_L3",75,396.87,396,88.4027348861648,217,258,279,326,395,468,507,542,557,396.87,100,1
"(1+50) EA_L3",76,421.88,413,94.1743794106111,235,270,306,355,413,502,556,565,580,421.88,100,1
"(1+50) EA_L3",77,452.16,455.5,92.8675302881377,252,302,336,384,454,514,577,601,610,452.16,100,1
"(1+50) EA_L3",78,483.88,481,94.211698001915,252,319,363,417,481,556,603,622,656,483.88,100,1
"(1+50) EA_L3",79,512.33,507.5,90.909773785314,323,382,401,455,507,577,633,659,665,512.33,100,1
"(1+50) EA_L3",80,545.71,552,92.4120433578641,355,402,419,469,552,617,662,678,706,545.71,100,1
"(1+50) EA_L3",81,576.64,592,98.9034341816769,386,402,452,507,591,656,704,727,753,576.64,100,1
"(1+50) EA_L3",82,614.85,613,96.4005087165419,409,440,499,545,610,690,741,759,777,614.85,100,1
"(1+50) EA_L3",83,651.13,655.5,103.658009479697,440,472,509,570,655,725,780,806,846,651.13,100,1
"(1+50) EA_L3",84,689.63,699,103.191658009881,473,505,555,605,698,767,834,852,854,689.63,100,1
"(1+50) EA_L3",85,725.02,719.5,105.555479213157,504,539,578,653,719,806,859,881,908,725.02,100,1
"(1+50) EA_L3",86,766.2,762,105.659257937385,556,588,628,691,759,852,904,926,957,766.2,100,1
"(1+50) EA_L3",87,808.09,805.5,115.408024071994,585,612,657,716,804,902,952,985,1026,808.09,100,1
"(1+50) EA_L3",88,853.46,857.5,116.669040668487,612,651,703,767,857,953,1002,1041,1065,853.46,100,1
"(1+50) EA_L3",89,896,906.5,123.795938315578,612,655,732,805,904,985,1054,1067,1119,896,100,1
"(1+50) EA_L3",90,944.86,958.5,121.45323912078,679,722,772,847,958,1027,1106,1132,1154,944.86,100,1
"(1+50) EA_L3",91,990.94,1006,127.334667611604,726,753,804,902,1005,1070,1153,1162,1230,990.94,100,1
"(1+50) EA_L3",92,1041.56,1056.5,130.302547708761,766,805,851,934,1056,1130,1204,1229,1290,1041.56,100,1
"(1+50) EA_L3",93,1110.66,1115,134.982319829919,852,879,934,1003,1111,1190,1286,1339,1377,1110.66,100,1
"(1+50) EA_L3",94,1162.22,1165,138.802205030079,903,918,991,1058,1164,1254,1350,1393,1425,1162.22,100,1
"(1+50) EA_L3",95,1219.21,1224.5,143.813241336945,941,962,1033,1109,1224,1309,1378,1476,1498,1219.21,100,1
"(1+50) EA_L3",96,1290.21,1290.5,150.909652213876,1006,1031,1104,1169,1288,1374,1461,1518,1645,1290.21,100,1
"(1+50) EA_L3",97,1372.92,1354,193.574701995186,1060,1126,1155,1249,1354,1460,1564,1682,1710,1372.92,100,1
"(1+50) EA_L3",98,1460.57,1424,209.94353521792,1108,1167,1213,1312,1423,1562,1707,1793,1891,1460.57,100,1
"(1+50) EA_L3",99,1572.01,1531,247.097637227134,1255,1267,1303,1414,1526,1662,1808,1967,2377,1572.01,100,1
"(1+50) EA_L3",100,1732.08,1689,290.015906216514,1302,1312,1416,1549,1689,1824,2100,2358,2557,1732.08,100,1
"(1+50) EA_norm.",38,1.01,1,0.1,1,1,1,1,1,1,1,1,1,1.01,100,1
"(1+50) EA_norm.",39,1.19,1,1.70971673476378,1,1,1,1,1,1,1,1,1,1.19,100,1
"(1+50) EA_norm.",40,1.65,1,5.27501256640755,1,1,1,1,1,1,1,1,1,1.65,100,1
"(1+50) EA_norm.",41,2.03,1,7.17523096450138,1,1,1,1,1,1,1,1,2,2.03,100,1
"(1+50) EA_norm.",42,2.12,1,7.83450023545816,1,1,1,1,1,1,1,1,2,2.12,100,1
"(1+50) EA_norm.",43,3.15,1,12.692457793843,1,1,1,1,1,1,1,1,52,3.15,100,1
"(1+50) EA_norm.",44,3.51,1,14.1909737993464,1,1,1,1,1,1,1,1,52,3.51,100,1
"(1+50) EA_norm.",45,4.31,1,17.1438919240361,1,1,1,1,1,1,1,4,65,4.31,100,1
"(1+50) EA_norm.",46,5.88,1,20.819707058943,1,1,1,1,1,1,4,20,83,5.88,100,1
"(1+50) EA_norm.",47,8.67,1,23.1447160014522,1,1,1,1,1,1,28,52,83,8.67,100,1
"(1+50) EA_norm.",48,12.61,1,28.2352652195832,1,1,1,1,1,2,53,55,103,12.61,100,1
"(1+50) EA_norm.",49,15.85,1,30.7516526615098,1,1,1,1,1,8,55,72,103,15.85,100,1
"(1+50) EA_norm.",50,22.81,1,36.3428386231995,1,1,1,1,1,52,75,104,111,22.81,100,1
"(1+50) EA_norm.",51,28.89,1.5,43.176849155888,1,1,1,1,1,53,102,106,113,28.89,100,1
"(1+50) EA_norm.",52,40,4.5,49.509921462595,1,1,1,1,3,69,106,111,145,40,100,1
"(1+50) EA_norm.",53,50.04,42.5,53.3181645095428,1,1,1,1,38,102,110,133,157,50.04,100,1
"(1+50) EA_norm.",54,59.54,53.5,56.1148569606764,1,1,1,1,53,106,128,152,160,59.54,100,1
"(1+50) EA_norm.",55,70.12,58,59.9274443461306,1,1,1,3,57,113,154,160,178,70.12,100,1
"(1+50) EA_norm.",56,86.11,103,63.8182227545985,1,1,1,17,103,136,157,166,204,86.11,100,1
"(1+50) EA_norm.",57,98.38,104.5,62.5963144750439,1,1,2,53,104,153,166,195,215,98.38,100,1
"(1+50) EA_norm.",58,112.65,113,62.1526915805508,1,2,26,58,111,154,182,206,236,112.65,100,1
"(1+50) EA_norm.",59,127.55,141,64.7354172182758,1,15,52,71,133,166,204,211,254,127.55,100,1
"(1+50) EA_norm.",60,137.97,151.5,61.8797228582199,3,52,56,99,151,183,207,211,254,137.97,100,1
"(1+50) EA_norm.",61,152.54,154,59.8758682271881,7,52,96,105,154,202,212,253,255,152.54,100,1
"(1+50) EA_norm.",62,169.49,166,61.3582780301752,34,60,102,112,160,208,253,257,302,169.49,100,1
"(1+50) EA_norm.",63,181.74,185.5,61.6894503365712,56,102,104,141,183,220,255,263,302,181.74,100,1
"(1+50) EA_norm.",64,196.2,203.5,56.3877270119638,83,106,121,154,203,231,259,302,304,196.2,100,1
"(1+50) EA_norm.",65,213.27,214,57.6236229266428,87,107,152,166,213,254,274,304,352,213.27,100,1
"(1+50) EA_norm.",66,228.74,223.5,61.94060693825,102,118,154,182,223,262,305,322,366,228.74,100,1
"(1+50) EA_norm.",67,244.59,253,62.3065239705517,111,153,161,203,253,285,313,353,379,244.59,100,1
"(1+50) EA_norm.",68,261.81,256,62.8165028499918,148,154,188,207,256,307,324,365,379,261.81,100,1
"(1+50) EA_norm.",69,277.08,266,63.4924126541626,152,154,203,229,266,317,359,376,387,277.08,100,1
"(1+50) EA_norm.",70,298.38,303.5,62.158445309003,161,205,213,253,303,352,371,392,414,298.38,100,1
"(1+50) EA_norm.",71,314.18,310,65.6632640250562,182,208,228,257,310,358,403,422,446,314.18,100,1
"(1+50) EA_norm.",72,338.61,334,69.4785622049032,204,228,256,295,329,386,426,445,506,338.61,100,1
"(1+50) EA_norm.",73,359.95,353,73.662673002949,208,253,271,305,353,407,455,474,533,359.95,100,1
"(1+50) EA_norm.",74,376.93,367,70.5170306816844,256,259,287,316,364,419,459,495,533,376.93,100,1
"(1+50) EA_norm.",75,401.32,404,71.6211807732429,256,303,307,353,404,452,503,514,557,401.32,100,1
"(1+50) EA_norm.",76,424.42,418.5,77.1001159453595,256,307,321,365,418,476,513,557,613,424.42,100,1
"(1+50) EA_norm.",77,445.98,443.5,81.8985551358101,268,313,352,392,434,506,553,566,629,445.98,100,1
"(1+50) EA_norm.",78,473.39,461.5,97.6720853807589,268,352,362,409,461,515,585,629,671,473.39,100,1
"(1+50) EA_norm.",79,501.78,485,98.1791374493738,313,354,403,448,483,555,624,657,703,501.78,100,1
"(1+50) EA_norm.",80,533.61,513.5,102.915960125166,343,375,414,472,513,591,652,696,757,533.61,100,1
"(1+50) EA_norm.",81,562.23,557,101.858869981653,359,407,417,504,557,614,668,740,757,562.23,100,1
"(1+50) EA_norm.",82,594.92,585.5,104.717192977326,364,438,476,521,585,657,712,753,805,594.92,100,1
"(1+50) EA_norm.",83,626.22,613,105.851771717613,430,453,503,559,612,683,753,804,852,626.22,100,1
"(1+50) EA_norm.",84,665.06,665,112.528229454846,441,484,541,580,664,723,801,826,888,665.06,100,1
"(1+50) EA_norm.",85,694.82,693,118.254252705043,459,512,560,611,689,762,826,872,917,694.82,100,1
"(1+50) EA_norm.",86,736.78,724.5,117.130901476972,473,576,602,662,724,806,864,914,1012,736.78,100,1
"(1+50) EA_norm.",87,781.81,763.5,114.778283853891,579,607,659,706,762,854,904,971,1055,781.81,100,1
"(1+50) EA_norm.",88,826.96,810.5,119.796284996614,605,661,685,749,810,904,958,1026,1112,826.96,100,1
"(1+50) EA_norm.",89,869.93,859,122.197327997371,619,709,729,790,859,955,1006,1057,1171,869.93,100,1
"(1+50) EA_norm.",90,916.88,906.5,126.328678254365,670,739,777,815,905,1004,1061,1131,1218,916.88,100,1
"(1+50) EA_norm.",91,970.56,959,126.166181897311,706,803,829,863,959,1055,1108,1151,1257,970.56,100,1
"(1+50) EA_norm.",92,1015.3,1007.5,122.1540259697,785,853,869,922,1007,1098,1156,1205,1305,1015.3,100,1
"(1+50) EA_norm.",93,1071.44,1063.5,125.498466327302,856,895,911,965,1063,1152,1220,1271,1355,1071.44,100,1
"(1+50) EA_norm.",94,1122.68,1121.5,126.255623337111,902,920,957,1027,1121,1206,1257,1347,1402,1122.68,100,1
"(1+50) EA_norm.",95,1179.57,1172,132.047149139842,955,980,1014,1071,1171,1259,1328,1397,1467,1179.57,100,1
"(1+50) EA_norm.",96,1245.62,1237.5,141.67766659612,1004,1057,1087,1145,1237,1310,1391,1480,1594,1245.62,100,1
"(1+50) EA_norm.",97,1307.62,1314.5,136.529774752394,1079,1104,1148,1211,1314,1375,1461,1509,1623,1307.62,100,1
"(1+50) EA_norm.",98,1395.43,1381,148.988661693202,1140,1179,1214,1304,1381,1463,1576,1675,1782,1395.43,100,1
"(1+50) EA_norm.",99,1487.2,1468,165.918685207574,1179,1257,1294,1371,1467,1579,1689,1835,1920,1487.2,100,1
"(1+50) EA_norm.",100,1668.31,1612.5,245.959128369497,1323,1347,1410,1499,1611,1773,2027,2118,2360,1668.31,100,1
"(1+2) EA_norm.",38,1,1,0,1,1,1,1,1,1,1,1,1,1,100,1
"(1+2) EA_norm.",39,1.03,1,0.222701503353614,1,1,1,1,1,1,1,1,1,1.03,100,1
"(1+2) EA_norm.",40,1.1,1,0.643538199442282,1,1,1,1,1,1,1,1,2,1.1,100,1
"(1+2) EA_norm.",41,1.18,1,1.09526068111476,1,1,1,1,1,1,1,1,5,1.18,100,1
"(1+2) EA_norm.",42,1.25,1,1.36607526006498,1,1,1,1,1,1,1,1,6,1.25,100,1
"(1+2) EA_norm.",43,1.34,1,1.55842448283094,1,1,1,1,1,1,1,3,8,1.34,100,1
"(1+2) EA_norm.",44,1.59,1,2.07483722131388,1,1,1,1,1,1,2,5,10,1.59,100,1
"(1+2) EA_norm.",45,1.92,1,2.8057660687098,1,1,1,1,1,1,4,7,13,1.92,100,1
"(1+2) EA_norm.",46,2.32,1,3.25942301394563,1,1,1,1,1,1,7,9,14,2.32,100,1
"(1+2) EA_norm.",47,2.7,1,3.72135524352148,1,1,1,1,1,2,8,11,15,2.7,100,1
"(1+2) EA_norm.",48,3.59,1,4.63211233094197,1,1,1,1,1,4,10,15,17,3.59,100,1
"(1+2) EA_norm.",49,4.41,1,5.43667865037789,1,1,1,1,1,6,14,16,18,4.41,100,1
"(1+2) EA_norm.",50,5.37,1,6.40967545152946,1,1,1,1,1,9,16,20,22,5.37,100,1
"(1+2) EA_norm.",51,6.72,3,7.24475428475422,1,1,1,1,3,11,18,21,25,6.72,100,1
"(1+2) EA_norm.",52,8.14,5.5,8.06165634533642,1,1,1,1,5,13,20,25,28,8.14,100,1
"(1+2) EA_norm.",53,9.65,8,8.78287475083693,1,1,1,1,8,15,23,25,31,9.65,100,1
"(1+2) EA_norm.",54,11.42,10,9.23123813882827,1,1,1,3,10,17,25,29,32,11.42,100,1
"(1+2) EA_norm.",55,13.26,12,9.96419853903225,1,1,1,5,12,19,27,32,34,13.26,100,1
"(1+2) EA_norm.",56,15.33,13.5,10.3612087356952,1,1,1,8,13,23,29,34,38,15.33,100,1
"(1+2) EA_norm.",57,17.84,16,10.9827412816931,1,1,3,10,16,24,34,36,41,17.84,100,1
"(1+2) EA_norm.",58,20.56,19,11.6205321597923,1,1,5,12,19,28,37,39,42,20.56,100,1
"(1+2) EA_norm.",59,23.09,21.5,12.2557716768035,1,1,8,15,21,32,40,45,48,23.09,100,1
"(1+2) EA_norm.",60,25.78,25,13.0473728924232,1,1,10,17,25,35,42,49,50,25.78,100,1
"(1+2) EA_norm.",61,28.2,28,12.9918389301853,1,2,12,20,28,36,43,50,53,28.2,100,1
"(1+2) EA_norm.",62,31.4,32.5,13.4922349534984,1,6,14,22,32,40,49,53,60,31.4,100,1
"(1+2) EA_norm.",63,34.69,35,14.3588180769051,3,7,17,26,35,44,54,60,62,34.69,100,1
"(1+2) EA_norm.",64,37.93,38.5,14.7636292108258,4,8,18,28,38,45,57,61,71,37.93,100,1
"(1+2) EA_norm.",65,42.12,42.5,15.5669164862181,6,15,24,33,42,51,61,66,82,42.12,100,1
"(1+2) EA_norm.",66,45.96,46,15.2983263097238,12,17,29,35,46,54,63,71,82,45.96,100,1
"(1+2) EA_norm.",67,49.51,48.5,15.5384794440879,14,22,30,40,48,59,67,77,82,49.51,100,1
"(1+2) EA_norm.",68,53.7,53,16.9655027284276,18,22,35,42,53,63,72,86,95,53.7,100,1
"(1+2) EA_norm.",69,58.09,57,17.6240738706458,18,28,37,46,57,68,82,88,95,58.09,100,1
"(1+2) EA_norm.",70,63.6,62,19.1089380958628,28,34,43,51,62,75,87,95,101,63.6,100,1
"(1+2) EA_norm.",71,67.97,65,19.7348356307758,36,42,45,54,65,78,93,104,107,67.97,100,1
"(1+2) EA_norm.",72,73.52,70,19.8842509123033,43,45,51,59,70,85,101,107,111,73.52,100,1
"(1+2) EA_norm.",73,78.94,76,21.078889818005,45,50,56,65,76,91,105,116,127,78.94,100,1
"(1+2) EA_norm.",74,84.54,80.5,23.4806690318189,46,54,59,68,80,98,111,125,136,84.54,100,1
"(1+2) EA_norm.",75,89.99,88.5,24.6861082269753,48,56,61,73,88,106,117,129,144,89.99,100,1
"(1+2) EA_norm.",76,95.38,93,24.2173574949953,51,62,68,78,93,110,122,136,155,95.38,100,1
"(1+2) EA_norm.",77,100.76,99,25.3811828811118,52,67,70,82,99,117,126,141,158,100.76,100,1
"(1+2) EA_norm.",78,109.11,107.5,25.7658042115255,58,71,78,91,107,123,141,154,166,109.11,100,1
"(1+2) EA_norm.",79,116.67,114,27.276383761619,60,77,87,97,114,131,153,165,185,116.67,100,1
"(1+2) EA_norm.",80,123.65,122.5,28.6646845685443,62,87,92,104,122,139,159,170,197,123.65,100,1
"(1+2) EA_norm.",81,131.27,128,29.2394693121569,79,89,97,109,128,149,168,181,205,131.27,100,1
"(1+2) EA_norm.",82,138.39,138,30.2337342527959,86,94,100,115,138,156,175,195,211,138.39,100,1
"(1+2) EA_norm.",83,146.97,145.5,30.1543018355909,94,104,109,127,145,161,184,199,213,146.97,100,1
"(1+2) EA_norm.",84,156.72,155,33.9423396990017,101,110,115,134,155,169,207,218,228,156.72,100,1
"(1+2) EA_norm.",85,167.72,162,38.2968416557825,108,119,125,139,162,186,212,232,255,167.72,100,1
"(1+2) EA_norm.",86,177.39,173,38.5295098763679,120,125,130,146,172,195,231,249,261,177.39,100,1
"(1+2) EA_norm.",87,188.98,186.5,40.1456892285631,122,131,141,155,186,216,242,255,275,188.98,100,1
"(1+2) EA_norm.",88,199.05,196.5,42.2111993851792,125,138,150,165,195,222,254,268,283,199.05,100,1
"(1+2) EA_norm.",89,213.06,213.5,43.9009030992449,142,152,157,180,213,237,265,279,289,213.06,100,1
"(1+2) EA_norm.",90,225.79,227,45.751258745172,144,159,170,188,227,258,276,302,323,225.79,100,1
"(1+2) EA_norm.",91,240.79,239,48.2983771189388,158,170,181,200,239,269,304,325,344,240.79,100,1
"(1+2) EA_norm.",92,254.79,244.5,48.1072654585458,161,182,195,222,244,286,319,336,361,254.79,100,1
"(1+2) EA_norm.",93,275.27,274.5,50.0100707029811,181,198,209,242,274,302,347,369,379,275.27,100,1
"(1+2) EA_norm.",94,297.41,291,55.4953988446726,185,211,235,257,291,328,365,383,446,297.41,100,1
"(1+2) EA_norm.",95,323.75,319.5,60.8977243276202,205,232,246,283,319,358,402,432,470,323.75,100,1
"(1+2) EA_norm.",96,353.75,350,63.9105079803238,226,242,267,315,350,388,445,468,489,353.75,100,1
"(1+2) EA_norm.",97,395.34,379,77.9664807543095,243,290,310,330,378,454,507,532,544,395.34,100,1
"(1+2) EA_norm.",98,437.63,421,89.3774941730101,287,305,330,379,419,491,555,600,664,437.63,100,1
"(1+2) EA_norm.",99,501.28,485,105.728552759824,313,362,386,422,484,558,655,709,764,501.28,100,1
"(1+2) EA_norm.",100,633.13,604.5,165.808496998096,393,426,479,509,603,704,854,971,1065,633.13,100,1
"(1+50) EA_{r/2,2r}",38,1.02,1,0.2,1,1,1,1,1,1,1,1,1,1.02,100,1
"(1+50) EA_{r/2,2r}",39,1.07,1,0.607279078174013,1,1,1,1,1,1,1,1,1,1.07,100,1
"(1+50) EA_{r/2,2r}",40,1.28,1,2.60566593205939,1,1,1,1,1,1,1,1,1,1.28,100,1
"(1+50) EA_{r/2,2r}",41,1.56,1,3.94999041042181,1,1,1,1,1,1,1,1,1,1.56,100,1
"(1+50) EA_{r/2,2r}",42,1.97,1,6.28201698292335,1,1,1,1,1,1,1,1,5,1.97,100,1
"(1+50) EA_{r/2,2r}",43,2.3,1,7.78434066546163,1,1,1,1,1,1,1,3,10,2.3,100,1
"(1+50) EA_{r/2,2r}",44,2.71,1,8.53311434378096,1,1,1,1,1,1,2,5,29,2.71,100,1
"(1+50) EA_{r/2,2r}",45,4.14,1,10.8683768871721,1,1,1,1,1,1,5,29,44,4.14,100,1
"(1+50) EA_{r/2,2r}",46,6.17,1,14.6969762574181,1,1,1,1,1,1,20,36,55,6.17,100,1
"(1+50) EA_{r/2,2r}",47,8.27,1,18.262317000376,1,1,1,1,1,1,31,52,62,8.27,100,1
"(1+50) EA_{r/2,2r}",48,11.21,1,21.6297097399467,1,1,1,1,1,3,40,54,83,11.21,100,1
"(1+50) EA_{r/2,2r}",49,13.65,1,24.8219416621421,1,1,1,1,1,7,53,63,83,13.65,100,1
"(1+50) EA_{r/2,2r}",50,18.3,1,28.9574749164245,1,1,1,1,1,31,58,79,104,18.3,100,1
"(1+50) EA_{r/2,2r}",51,22.43,2,32.1835816728488,1,1,1,1,2,44,78,86,106,22.43,100,1
"(1+50) EA_{r/2,2r}",52,28.35,4,36.5710530227381,1,1,1,1,4,53,81,103,115,28.35,100,1
"(1+50) EA_{r/2,2r}",53,34.78,19.5,39.236547588526,1,1,1,1,19,57,103,104,119,34.78,100,1
"(1+50) EA_{r/2,2r}",54,42.02,36,43.3053476064231,1,1,1,1,35,67,104,127,140,42.02,100,1
"(1+50) EA_{r/2,2r}",55,49.68,52,46.5719558394005,1,1,1,2,52,81,114,136,142,49.68,100,1
"(1+50) EA_{r/2,2r}",56,59.66,54.5,49.743223486504,1,1,1,8,54,103,131,142,156,59.66,100,1
"(1+50) EA_{r/2,2r}",57,68.95,70.5,51.5370563945806,1,1,1,18,66,105,137,152,157,68.95,100,1
"(1+50) EA_{r/2,2r}",58,80.9,82,53.3269882589264,1,1,1,50,82,109,152,163,179,80.9,100,1
"(1+50) EA_{r/2,2r}",59,91.2,101.5,55.5739565485907,1,1,2,52,101,130,159,177,195,91.2,100,1
"(1+50) EA_{r/2,2r}",60,102.15,103,55.7908024352011,1,1,14,61,103,140,172,202,204,102.15,100,1
"(1+50) EA_{r/2,2r}",61,115.32,109,56.0848707520373,1,2,36,78,109,152,194,205,213,115.32,100,1
"(1+50) EA_{r/2,2r}",62,127.39,130,57.4654740437309,1,31,43,94,130,158,203,207,245,127.39,100,1
"(1+50) EA_{r/2,2r}",63,141.68,152,60.9321331358492,1,31,52,104,152,172,211,245,258,141.68,100,1
"(1+50) EA_{r/2,2r}",64,154.86,155,62.1973106697183,4,31,57,115,155,199,231,255,260,154.86,100,1
"(1+50) EA_{r/2,2r}",65,168.71,163.5,60.8082422310687,12,54,92,140,163,204,247,259,287,168.71,100,1
"(1+50) EA_{r/2,2r}",66,186.28,188.5,60.5164774289122,51,61,102,152,188,229,258,272,306,186.28,100,1
"(1+50) EA_{r/2,2r}",67,200.33,204.5,61.6615157553926,55,82,105,159,204,240,265,305,321,200.33,100,1
"(1+50) EA_{r/2,2r}",68,218.03,221.5,63.4428805376071,67,83,132,175,219,257,279,323,352,218.03,100,1
"(1+50) EA_{r/2,2r}",69,235.45,246.5,64.6681310362158,83,105,150,203,246,267,307,352,362,235.45,100,1
"(1+50) EA_{r/2,2r}",70,254.85,254.5,65.6269492255008,103,115,161,216,254,303,324,361,367,254.85,100,1
"(1+50) EA_{r/2,2r}",71,272.69,276,67.6460925581355,103,152,196,232,276,311,354,379,409,272.69,100,1
"(1+50) EA_{r/2,2r}",72,293.03,302.5,69.2653301413915,103,169,203,253,302,336,372,403,421,293.03,100,1
"(1+50) EA_{r/2,2r}",73,314.5,312,75.0146786982523,153,188,208,271,310,357,404,414,464,314.5,100,1
"(1+50) EA_{r/2,2r}",74,336.48,349,78.5779520314353,155,209,247,282,346,383,433,457,474,336.48,100,1
"(1+50) EA_{r/2,2r}",75,363.72,360.5,82.2198432634278,169,246,256,307,360,409,460,503,508,363.72,100,1
"(1+50) EA_{r/2,2r}",76,393.93,398.5,82.5381766582023,203,262,302,352,394,452,504,545,561,393.93,100,1
"(1+50) EA_{r/2,2r}",77,422.37,411,84.0432374291695,212,278,318,363,411,473,520,560,572,422.37,100,1
"(1+50) EA_{r/2,2r}",78,449.44,453.5,86.3717967436551,217,311,353,402,453,502,560,603,649,449.44,100,1
"(1+50) EA_{r/2,2r}",79,475.17,462.5,86.4205193320207,260,348,366,417,462,517,600,610,652,475.17,100,1
"(1+50) EA_{r/2,2r}",80,512.33,506.5,94.7865283655645,303,358,404,453,506,558,657,666,707,512.33,100,1
"(1+50) EA_{r/2,2r}",81,544.98,524,94.4516315744239,346,403,414,496,524,604,682,714,750,544.98,100,1
"(1+50) EA_{r/2,2r}",82,583.59,561.5,100.19587836036,356,408,470,515,561,655,711,756,769,583.59,100,1
"(1+50) EA_{r/2,2r}",83,623.3,611.5,107.175066827574,356,460,503,553,611,676,759,804,818,623.3,100,1
"(1+50) EA_{r/2,2r}",84,663.95,664.5,103.114957423472,464,504,554,593,663,722,806,831,876,663.95,100,1
"(1+50) EA_{r/2,2r}",85,701.34,702,109.894092266834,504,514,575,614,702,769,852,876,902,701.34,100,1
"(1+50) EA_{r/2,2r}",86,739.73,743.5,110.62986381478,504,577,609,660,742,810,867,915,955,739.73,100,1
"(1+50) EA_{r/2,2r}",87,791.26,790.5,121.310239227421,536,614,658,711,779,862,926,970,1057,791.26,100,1
"(1+50) EA_{r/2,2r}",88,833.52,813,130.37835229621,558,629,701,752,813,913,987,1056,1105,833.52,100,1
"(1+50) EA_{r/2,2r}",89,881.26,865,129.670181458946,618,704,722,803,861,955,1014,1116,1160,881.26,100,1
"(1+50) EA_{r/2,2r}",90,950.6,952.5,139.141233386379,660,755,803,858,952,1024,1155,1213,1254,950.6,100,1
"(1+50) EA_{r/2,2r}",91,1005.97,1005,148.572701314062,705,808,854,906,1005,1067,1205,1272,1314,1005.97,100,1
"(1+50) EA_{r/2,2r}",92,1066.3,1053,154.521647007594,746,857,904,965,1053,1152,1306,1358,1405,1066.3,100,1
"(1+50) EA_{r/2,2r}",93,1130.02,1108,153.945482938512,809,922,966,1024,1108,1205,1324,1454,1508,1130.02,100,1
"(1+50) EA_{r/2,2r}",94,1200.72,1171,170.011828465498,909,987,1014,1073,1171,1271,1383,1560,1569,1200.72,100,1
"(1+50) EA_{r/2,2r}",95,1285.02,1262,175.130138047468,967,1036,1102,1162,1260,1362,1513,1607,1766,1285.02,100,1
"(1+50) EA_{r/2,2r}",96,1381.64,1369.5,172.538124611474,1063,1117,1182,1269,1368,1456,1602,1675,1808,1381.64,100,1
"(1+50) EA_{r/2,2r}",97,1501.93,1470.5,197.645752636766,1104,1215,1262,1366,1469,1616,1770,1898,1924,1501.93,100,1
"(1+50) EA_{r/2,2r}",98,1638.63,1614.5,216.739179241276,1230,1273,1360,1505,1611,1756,1922,2061,2104,1638.63,100,1
"(1+50) EA_{r/2,2r}",99,1856.55,1815,295.535547948145,1408,1503,1522,1652,1815,1979,2260,2318,2703,1856.55,100,1
"(1+50) EA_{r/2,2r}",100,2281.02,2187,550.301019186019,1576,1655,1710,1876,2172,2506,2913,3182,3367,2281.02,100,1
"(1+2) EA_{r/2,2r}",38,1,1,0,1,1,1,1,1,1,1,1,1,1,100,1
"(1+2) EA_{r/2,2r}",39,1.01,1,0.1,1,1,1,1,1,1,1,1,1,1.01,100,1
"(1+2) EA_{r/2,2r}",40,1.02,1,0.2,1,1,1,1,1,1,1,1,1,1.02,100,1
"(1+2) EA_{r/2,2r}",41,1.02,1,0.2,1,1,1,1,1,1,1,1,1,1.02,100,1
"(1+2) EA_{r/2,2r}",42,1.05,1,0.329523684408054,1,1,1,1,1,1,1,1,2,1.05,100,1
"(1+2) EA_{r/2,2r}",43,1.07,1,0.43239992711574,1,1,1,1,1,1,1,1,2,1.07,100,1
"(1+2) EA_{r/2,2r}",44,1.22,1,0.759851128428285,1,1,1,1,1,1,1,3,4,1.22,100,1
"(1+2) EA_{r/2,2r}",45,1.41,1,1.3416031417297,1,1,1,1,1,1,2,4,6,1.41,100,1
"(1+2) EA_{r/2,2r}",46,1.61,1,1.75749477347384,1,1,1,1,1,1,3,6,8,1.61,100,1
"(1+2) EA_{r/2,2r}",47,1.88,1,2.11908118072552,1,1,1,1,1,1,4,7,10,1.88,100,1
"(1+2) EA_{r/2,2r}",48,2.41,1,2.86072322564371,1,1,1,1,1,2,6,10,12,2.41,100,1
"(1+2) EA_{r/2,2r}",49,3.01,1,3.50034630321405,1,1,1,1,1,4,8,10,14,3.01,100,1
"(1+2) EA_{r/2,2r}",50,3.46,1,3.80966341735531,1,1,1,1,1,5,9,12,15,3.46,100,1
"(1+2) EA_{r/2,2r}",51,4.25,2,4.32604281817072,1,1,1,1,2,7,11,13,15,4.25,100,1
"(1+2) EA_{r/2,2r}",52,5.17,3.5,4.84935692914665,1,1,1,1,3,8,12,15,16,5.17,100,1
"(1+2) EA_{r/2,2r}",53,6.19,5,5.21980494236745,1,1,1,1,5,10,14,15,16,6.19,100,1
"(1+2) EA_{r/2,2r}",54,7.51,6.5,6.1832210232388,1,1,1,1,6,13,17,19,20,7.51,100,1
"(1+2) EA_{r/2,2r}",55,8.91,8.5,6.68043275680414,1,1,1,2,8,14,18,20,22,8.91,100,1
"(1+2) EA_{r/2,2r}",56,10.63,10,7.46663284624375,1,1,1,4,10,15,20,24,29,10.63,100,1
"(1+2) EA_{r/2,2r}",57,12.35,12,8.04956238223262,1,1,1,6,12,17,24,28,30,12.35,100,1
"(1+2) EA_{r/2,2r}",58,14.08,14.5,8.58549399107047,1,1,2,7,14,19,26,30,34,14.08,100,1
"(1+2) EA_{r/2,2r}",59,16.31,17,9.07064863538803,1,1,4,10,17,22,28,31,36,16.31,100,1
"(1+2) EA_{r/2,2r}",60,18.89,19,9.8605376131427,1,5,7,12,19,24,32,38,42,18.89,100,1
"(1+2) EA_{r/2,2r}",61,21.64,21,10.3918382892683,1,7,8,13,21,27,35,42,45,21.64,100,1
"(1+2) EA_{r/2,2r}",62,24.04,23,11.5775121627571,1,7,10,16,23,29,40,46,50,24.04,100,1
"(1+2) EA_{r/2,2r}",63,26.68,26,12.2860518762974,4,7,13,18,26,34,44,50,55,26.68,100,1
"(1+2) EA_{r/2,2r}",64,30.25,28.5,13.3669084841725,6,9,14,20,28,39,46,56,61,30.25,100,1
"(1+2) EA_{r/2,2r}",65,33.79,31,13.9771061006739,7,11,18,24,31,42,52,58,67,33.79,100,1
"(1+2) EA_{r/2,2r}",66,37.36,34.5,15.3336758855017,7,14,20,27,34,47,57,62,70,37.36,100,1
"(1+2) EA_{r/2,2r}",67,42.23,41,17.2596657153625,11,18,22,29,41,53,62,75,84,42.23,100,1
"(1+2) EA_{r/2,2r}",68,47.18,44.5,18.8729832021728,14,21,26,34,44,60,68,83,94,47.18,100,1
"(1+2) EA_{r/2,2r}",69,51.66,51,19.9302926635954,14,22,29,37,51,62,76,88,100,51.66,100,1
"(1+2) EA_{r/2,2r}",70,56.55,54,21.5488053056547,20,29,34,41,54,70,86,99,102,56.55,100,1
"(1+2) EA_{r/2,2r}",71,62.18,60,22.5094278788765,30,34,38,45,60,78,92,100,114,62.18,100,1
"(1+2) EA_{r/2,2r}",72,66.87,63,23.0206999516224,33,36,41,50,63,80,96,101,131,66.87,100,1
"(1+2) EA_{r/2,2r}",73,74.42,72,23.6951088163398,36,42,47,56,72,87,103,124,132,74.42,100,1
"(1+2) EA_{r/2,2r}",74,79.72,76.5,25.1287914873788,39,47,51,62,76,95,111,126,135,79.72,100,1
"(1+2) EA_{r/2,2r}",75,87.35,86.5,26.8743334425209,39,50,55,67,86,102,122,131,142,87.35,100,1
"(1+2) EA_{r/2,2r}",76,96.25,93.5,28.2976156328594,40,56,60,76,92,114,135,146,160,96.25,100,1
"(1+2) EA_{r/2,2r}",77,103.36,100,29.1902571264988,43,60,69,82,100,123,145,150,161,103.36,100,1
"(1+2) EA_{r/2,2r}",78,112.26,109,31.6143491267347,49,66,74,88,108,137,152,161,177,112.26,100,1
"(1+2) EA_{r/2,2r}",79,120.69,116,33.2400801637561,49,70,80,94,116,147,160,171,198,120.69,100,1
"(1+2) EA_{r/2,2r}",80,132.21,130,34.528949938253,51,82,90,104,130,158,174,188,208,132.21,100,1
"(1+2) EA_{r/2,2r}",81,142.42,141,38.9960319141641,66,84,94,110,140,168,192,210,218,142.42,100,1
"(1+2) EA_{r/2,2r}",82,153.9,149.5,42.5539467480795,70,89,103,122,149,176,213,225,264,153.9,100,1
"(1+2) EA_{r/2,2r}",83,167.78,166,44.1877491134949,87,98,113,134,166,192,226,248,270,167.78,100,1
"(1+2) EA_{r/2,2r}",84,180.64,178,45.8602444411499,90,110,120,149,178,216,242,253,275,180.64,100,1
"(1+2) EA_{r/2,2r}",85,198.26,190,54.468343136545,95,122,135,162,190,234,265,288,312,198.26,100,1
"(1+2) EA_{r/2,2r}",86,214.55,207.5,54.9902424769774,118,135,148,177,207,250,280,310,319,214.55,100,1
"(1+2) EA_{r/2,2r}",87,233.03,221,57.639502272506,129,152,162,200,220,262,312,322,372,233.03,100,1
"(1+2) EA_{r/2,2r}",88,257.95,250,65.2023075442189,150,160,175,214,250,299,334,363,440,257.95,100,1
"(1+2) EA_{r/2,2r}",89,284.45,274.5,74.4572787821068,153,174,198,230,273,328,378,418,469,284.45,100,1
"(1+2) EA_{r/2,2r}",90,314.85,305,80.0194894189452,166,186,218,265,303,360,428,460,508,314.85,100,1
"(1+2) EA_{r/2,2r}",91,342.35,335,84.6919999084025,208,218,234,276,334,394,458,494,523,342.35,100,1
"(1+2) EA_{r/2,2r}",92,376.21,368,94.532266417025,222,240,246,312,368,436,496,562,596,376.21,100,1
"(1+2) EA_{r/2,2r}",93,420,405,104.034085323469,246,252,286,350,404,480,536,592,657,420,100,1
"(1+2) EA_{r/2,2r}",94,476,465,119.309206973674,264,277,334,394,462,546,614,701,794,476,100,1
"(1+2) EA_{r/2,2r}",95,542.44,526,133.737970855269,270,344,395,442,526,608,718,739,831,542.44,100,1
"(1+2) EA_{r/2,2r}",96,613.65,613,153.407845861016,368,390,430,516,612,692,804,872,912,613.65,100,1
"(1+2) EA_{r/2,2r}",97,705.32,693,187.879978881855,394,409,444,580,692,809,932,1048,1098,705.32,100,1
"(1+2) EA_{r/2,2r}",98,836.21,812,228.867536784795,456,494,542,668,810,962,1110,1304,1396,836.21,100,1
"(1+2) EA_{r/2,2r}",99,1024.77,996,296.208425629896,502,594,668,822,996,1180,1408,1582,1750,1024.77,100,1
"(1+2) EA_{r/2,2r}",100,1429.85,1297,572.7097802764,723,748,844,1075,1292,1648,2032,2339,2718,1429.85,100,1
"(1+50) EA_>0",38,1.01,1,0.1,1,1,1,1,1,1,1,1,1,1.01,100,1
"(1+50) EA_>0",39,1.07,1,0.607279078174013,1,1,1,1,1,1,1,1,1,1.07,100,1
"(1+50) EA_>0",40,1.54,1,5.10183171700977,1,1,1,1,1,1,1,1,2,1.54,100,1
"(1+50) EA_>0",41,2.25,1,7.41875183490315,1,1,1,1,1,1,1,2,21,2.25,100,1
"(1+50) EA_>0",42,3.29,1,12.5055906689687,1,1,1,1,1,1,1,6,53,3.29,100,1
"(1+50) EA_>0",43,3.96,1,14.882652093405,1,1,1,1,1,1,1,8,63,3.96,100,1
"(1+50) EA_>0",44,5.63,1,21.4479190674348,1,1,1,1,1,1,3,15,104,5.63,100,1
"(1+50) EA_>0",45,7.44,1,24.4702746906189,1,1,1,1,1,1,5,53,105,7.44,100,1
"(1+50) EA_>0",46,9.11,1,26.0550679457292,1,1,1,1,1,1,16,53,105,9.11,100,1
"(1+50) EA_>0",47,12.67,1,31.5101570925948,1,1,1,1,1,2,52,77,137,12.67,100,1
"(1+50) EA_>0",48,18.05,1,38.3893858962989,1,1,1,1,1,5,58,106,154,18.05,100,1
"(1+50) EA_>0",49,23.36,1,44.9407061660926,1,1,1,1,1,25,62,116,162,23.36,100,1
"(1+50) EA_>0",50,31.56,1,51.0718092196634,1,1,1,1,1,53,103,130,203,31.56,100,1
"(1+50) EA_>0",51,38.74,5,57.2405203655345,1,1,1,1,4,58,112,152,204,38.74,100,1
"(1+50) EA_>0",52,50.39,15.5,63.3117818195928,1,1,1,1,15,96,138,160,250,50.39,100,1
"(1+50) EA_>0",53,61.45,52,71.0723596275676,1,1,1,1,52,103,158,202,252,61.45,100,1
"(1+50) EA_>0",54,77.6,56,77.3065523115798,1,1,1,2,56,119,191,216,252,77.6,100,1
"(1+50) EA_>0",55,92.96,84.5,83.7959185139465,1,1,1,7,79,153,204,252,303,92.96,100,1
"(1+50) EA_>0",56,109.97,104.5,86.4295655315922,1,1,1,41,104,157,218,253,333,109.97,100,1
"(1+50) EA_>0",57,127.64,117.5,90.5044806078738,1,1,2,53,117,202,252,265,353,127.64,100,1
"(1+50) EA_>0",58,145.56,152,91.9782934427817,1,1,8,71,152,204,264,305,357,145.56,100,1
"(1+50) EA_>0",59,167.64,164,96.8111271674612,1,5,25,102,163,222,303,320,367,167.64,100,1
"(1+50) EA_>0",60,187.96,202,97.0764480586139,1,10,56,110,202,254,304,352,402,187.96,100,1
"(1+50) EA_>0",61,211.58,206.5,99.3192159990536,1,52,75,152,206,267,353,374,418,211.58,100,1
"(1+50) EA_>0",62,230.75,229,99.5277104705777,8,57,104,159,227,302,358,402,437,230.75,100,1
"(1+50) EA_>0",63,254.93,253.5,97.7843695551233,25,102,143,193,253,317,377,426,454,254.93,100,1
"(1+50) EA_>0",64,276.6,284,100.719031132767,58,103,152,203,280,352,403,455,505,276.6,100,1
"(1+50) EA_>0",65,301.46,305,98.7838595575761,102,152,169,223,305,355,413,458,510,301.46,100,1
"(1+50) EA_>0",66,324.71,328,101.165360682499,109,159,203,252,328,402,454,503,539,324.71,100,1
"(1+50) EA_>0",67,350.7,353.5,100.557586898395,152,172,223,264,353,407,455,515,554,350.7,100,1
"(1+50) EA_>0",68,376.85,380.5,99.8805726249043,202,211,252,304,379,452,490,562,584,376.85,100,1
"(1+50) EA_>0",69,398.16,403.5,103.238932441774,213,220,254,316,403,459,509,570,606,398.16,100,1
"(1+50) EA_>0",70,425.58,424.5,102.659403521125,220,254,303,353,422,503,555,603,656,425.58,100,1
"(1+50) EA_>0",71,450.7,454,99.8533773574884,253,298,317,384,453,510,571,611,656,450.7,100,1
"(1+50) EA_>0",72,479.89,487,102.919885975903,302,308,353,404,483,552,611,653,665,479.89,100,1
"(1+50) EA_>0",73,506.26,510,105.968035965873,305,352,357,424,510,567,652,697,706,506.26,100,1
"(1+50) EA_>0",74,534.54,533.5,104.764133348984,311,371,404,454,531,603,659,702,760,534.54,100,1
"(1+50) EA_>0",75,561.83,560,104.646500180369,354,385,418,482,560,638,702,724,783,561.83,100,1
"(1+50) EA_>0",76,589.67,602.5,105.926032416183,365,407,455,506,602,661,710,752,811,589.67,100,1
"(1+50) EA_>0",77,619.45,614,105.54097055005,402,453,468,552,614,704,753,795,845,619.45,100,1
"(1+50) EA_>0",78,647.36,653,107.441458807609,402,455,507,560,653,713,800,812,863,647.36,100,1
"(1+50) EA_>0",79,678.88,666.5,108.078187186197,454,503,547,604,666,758,813,846,918,678.88,100,1
"(1+50) EA_>0",80,707.83,708.5,105.900950005754,466,515,567,617,708,784,852,866,922,707.83,100,1
"(1+50) EA_>0",81,741.34,752,104.886106580116,509,554,607,660,752,812,876,903,952,741.34,100,1
"(1+50) EA_>0",82,773.62,762.5,103.793674511922,577,604,643,704,761,839,909,957,984,773.62,100,1
"(1+50) EA_>0",83,810.07,804,103.407525174072,609,640,666,753,804,861,957,966,1009,810.07,100,1
"(1+50) EA_>0",84,845.45,848,107.432043354829,652,657,711,768,843,912,983,1021,1094,845.45,100,1
"(1+50) EA_>0",85,883.4,873,108.35845862486,658,702,756,804,870,954,1024,1057,1119,883.4,100,1
"(1+50) EA_>0",86,919.99,911.5,112.725419054489,697,757,800,842,911,1004,1065,1108,1137,919.99,100,1
"(1+50) EA_>0",87,960.24,953.5,117.029921063984,702,802,820,863,953,1054,1118,1159,1168,960.24,100,1
"(1+50) EA_>0",88,999.8,984.5,115.064057697169,753,813,863,910,982,1066,1158,1185,1216,999.8,100,1
"(1+50) EA_>0",89,1040.95,1030.5,116.664015121384,753,871,908,954,1030,1110,1206,1212,1263,1040.95,100,1
"(1+50) EA_>0",90,1084.42,1074,118.228607521038,807,896,953,1003,1074,1154,1251,1262,1327,1084.42,100,1
"(1+50) EA_>0",91,1129.63,1119.5,118.479223341632,854,915,1005,1059,1119,1210,1267,1309,1402,1129.63,100,1
"(1+50) EA_>0",92,1178.67,1169,120.097944456291,913,975,1022,1081,1169,1254,1325,1364,1428,1178.67,100,1
"(1+50) EA_>0",93,1226.01,1229.5,119.88525616799,957,1016,1075,1129,1229,1304,1380,1402,1456,1226.01,100,1
"(1+50) EA_>0",94,1279.56,1272,122.790559963548,1002,1060,1110,1184,1271,1359,1421,1461,1510,1279.56,100,1
"(1+50) EA_>0",95,1331.68,1320,125.022250948874,1057,1125,1172,1227,1320,1441,1480,1546,1570,1331.68,100,1
"(1+50) EA_>0",96,1397.92,1398.5,130.789805922837,1110,1170,1216,1309,1398,1505,1540,1594,1656,1397.92,100,1
"(1+50) EA_>0",97,1470.63,1462.5,133.16805324116,1215,1268,1299,1363,1461,1577,1636,1655,1710,1470.63,100,1
"(1+50) EA_>0",98,1556.69,1561,138.585108226758,1284,1324,1359,1461,1560,1659,1719,1768,1818,1556.69,100,1
"(1+50) EA_>0",99,1656.58,1650.5,156.106877400444,1371,1413,1458,1536,1649,1766,1851,1886,1900,1656.58,100,1
"(1+50) EA_>0",100,1842.48,1830,246.074739406013,1435,1485,1547,1686,1825,1948,2084,2231,2480,1842.48,100,1
"(1+2) EA_half",38,1.05,1,0.411329453348431,1,1,1,1,1,1,1,1,1,1.05,100,1
"(1+2) EA_half",39,1.1,1,0.674199862463242,1,1,1,1,1,1,1,1,2,1.1,100,1
"(1+2) EA_half",40,1.17,1,1.03528652160558,1,1,1,1,1,1,1,1,4,1.17,100,1
"(1+2) EA_half",41,1.29,1,1.44456487454447,1,1,1,1,1,1,1,1,8,1.29,100,1
"(1+2) EA_half",42,1.34,1,1.59684031446447,1,1,1,1,1,1,1,1,8,1.34,100,1
"(1+2) EA_half",43,1.54,1,2.23570656356863,1,1,1,1,1,1,1,4,10,1.54,100,1
"(1+2) EA_half",44,1.72,1,2.53890933395831,1,1,1,1,1,1,2,7,10,1.72,100,1
"(1+2) EA_half",45,2,1,3.06824728699325,1,1,1,1,1,1,4,7,13,2,100,1
"(1+2) EA_half",46,2.39,1,3.50726518685273,1,1,1,1,1,1,7,9,14,2.39,100,1
"(1+2) EA_half",47,2.91,1,4.182925852423,1,1,1,1,1,1,8,10,17,2.91,100,1
"(1+2) EA_half",48,3.64,1,5.18256595703228,1,1,1,1,1,3,10,15,19,3.64,100,1
"(1+2) EA_half",49,4.36,1,5.75162691081507,1,1,1,1,1,5,12,16,22,4.36,100,1
"(1+2) EA_half",50,5.28,1,6.69098594597933,1,1,1,1,1,7,14,17,22,5.28,100,1
"(1+2) EA_half",51,6.65,2,7.67966618592714,1,1,1,1,2,10,17,22,25,6.65,100,1
"(1+2) EA_half",52,8.06,5,8.28387748959545,1,1,1,1,5,13,19,24,26,8.06,100,1
"(1+2) EA_half",53,9.78,8,9.19769404566035,1,1,1,1,8,15,23,26,30,9.78,100,1
"(1+2) EA_half",54,11.35,10,10.0678255403593,1,1,1,1,10,17,25,30,33,11.35,100,1
"(1+2) EA_half",55,13.33,12,10.6610354453813,1,1,1,3,12,20,29,32,36,13.33,100,1
"(1+2) EA_half",56,15.26,14,11.1921870295778,1,1,1,5,14,22,31,34,38,15.26,100,1
"(1+2) EA_half",57,17.39,16,11.6279834881204,1,1,1,8,16,25,33,36,42,17.39,100,1
"(1+2) EA_half",58,19.86,18,12.2268292510918,1,1,3,10,18,28,36,42,46,19.86,100,1
"(1+2) EA_half",59,22.89,22.5,12.2225945765135,3,4,6,15,22,32,38,45,48,22.89,100,1
"(1+2) EA_half",60,25.4,25,12.6834020226707,4,6,9,16,25,34,41,48,53,25.4,100,1
"(1+2) EA_half",61,29.04,29,12.8124939024376,6,8,11,20,29,38,45,52,53,29.04,100,1
"(1+2) EA_half",62,32.53,32,13.4663478810153,10,11,14,23,32,40,53,56,59,32.53,100,1
"(1+2) EA_half",63,35.65,35,14.4406657839183,11,14,18,24,35,44,56,61,64,35.65,100,1
"(1+2) EA_half",64,39.25,37,14.4728062659638,12,17,20,29,37,49,60,63,66,39.25,100,1
"(1+2) EA_half",65,42.96,41.5,16.1788738667424,12,19,22,31,41,52,64,70,84,42.96,100,1
"(1+2) EA_half",66,46.44,45.5,16.9528877787946,14,23,27,34,45,55,66,75,85,46.44,100,1
"(1+2) EA_half",67,50.1,49,17.1095696537749,14,25,30,38,49,60,71,77,90,50.1,100,1
"(1+2) EA_half",68,53.86,52,17.6440793285888,22,28,32,44,52,64,76,82,95,53.86,100,1
"(1+2) EA_half",69,58.68,57,18.3489630345817,25,31,35,46,57,68,82,87,100,58.68,100,1
"(1+2) EA_half",70,63.23,63,19.0834716152195,28,32,38,50,62,74,87,90,108,63.23,100,1
"(1+2) EA_half",71,67.97,66,20.3009951490168,32,36,41,54,66,82,92,101,116,67.97,100,1
"(1+2) EA_half",72,72.63,69.5,21.3870795509151,34,39,47,59,69,85,102,110,119,72.63,100,1
"(1+2) EA_half",73,77.52,76.5,22.345532624729,36,40,49,63,76,91,106,110,131,77.52,100,1
"(1+2) EA_half",74,82.2,79,22.7973062381759,38,45,54,68,79,96,111,124,137,82.2,100,1
"(1+2) EA_half",75,88.15,86.5,23.5090247016809,48,52,57,72,86,101,118,130,137,88.15,100,1
"(1+2) EA_half",76,94.25,92.5,23.9744708497446,50,55,63,77,92,110,124,134,149,94.25,100,1
"(1+2) EA_half",77,99.51,98.5,23.6495862393601,50,58,69,84,98,117,128,137,150,99.51,100,1
"(1+2) EA_half",78,104.61,102,23.8263477789788,60,68,76,86,102,122,134,141,150,104.61,100,1
"(1+2) EA_half",79,111.51,112.5,23.8659958429511,67,73,82,94,112,129,140,144,161,111.51,100,1
"(1+2) EA_half",80,117.84,118,24.3570743462155,68,83,88,98,118,134,145,150,162,117.84,100,1
"(1+2) EA_half",81,125.12,123,26.2048187410737,71,84,93,104,123,144,154,165,182,125.12,100,1
"(1+2) EA_half",82,131.55,131.5,26.6239715028742,72,92,99,112,131,150,163,171,184,131.55,100,1
"(1+2) EA_half",83,139.46,141.5,25.909485022698,81,101,107,120,141,157,172,176,190,139.46,100,1
"(1+2) EA_half",84,147.63,147,27.4931231070939,85,108,115,129,145,163,182,192,205,147.63,100,1
"(1+2) EA_half",85,156.13,153.5,28.85094224955,88,115,119,135,153,176,193,201,217,156.13,100,1
"(1+2) EA_half",86,164.44,162,29.789605671452,92,123,129,142,162,185,200,217,222,164.44,100,1
"(1+2) EA_half",87,175.29,172,31.3772403522236,122,129,138,153,172,195,216,229,243,175.29,100,1
"(1+2) EA_half",88,186.12,179.5,32.1861002686727,127,140,144,164,179,206,229,236,246,186.12,100,1
"(1+2) EA_half",89,196.86,196.5,32.7608475365509,140,148,152,174,195,219,239,255,258,196.86,100,1
"(1+2) EA_half",90,210.31,212.5,34.3857190817304,150,154,161,186,212,232,260,271,274,210.31,100,1
"(1+2) EA_half",91,222.28,221,36.0608576512741,156,167,176,194,221,242,272,290,299,222.28,100,1
"(1+2) EA_half",92,236.98,236.5,37.9308195364544,169,173,184,209,236,261,288,298,308,236.98,100,1
"(1+2) EA_half",93,254.72,251.5,37.2160169710827,180,193,202,232,251,283,301,310,324,254.72,100,1
"(1+2) EA_half",94,276.5,278,44.6577331636205,186,207,223,244,278,307,334,346,373,276.5,100,1
"(1+2) EA_half",95,294.4,289.5,48.6699874334037,204,214,235,260,289,320,361,381,390,294.4,100,1
"(1+2) EA_half",96,316.52,314.5,55.161009505782,218,238,248,276,313,350,390,411,443,316.52,100,1
"(1+2) EA_half",97,352.12,347,64.1310652909612,250,258,274,299,346,384,435,465,499,352.12,100,1
"(1+2) EA_half",98,397.01,398,76.7290253641563,260,292,299,342,398,432,490,528,584,397.01,100,1
"(1+2) EA_half",99,462.62,456.5,95.7725398741173,314,333,354,385,456,506,594,615,664,462.62,100,1
"(1+2) EA_half",100,588.69,560.5,151.198023542744,364,382,407,481,560,683,776,852,965,588.69,100,1
"RLS",38,1,1,0,1,1,1,1,1,1,1,1,1,1,100,1
"RLS",39,1.03,1,0.222701503353614,1,1,1,1,1,1,1,1,1,1.03,100,1
"RLS",40,1.07,1,0.497569851956243,1,1,1,1,1,1,1,1,1,1.07,100,1
"RLS",41,1.09,1,0.637149586800145,1,1,1,1,1,1,1,1,1,1.09,100,1
"RLS",42,1.17,1,0.910710678203533,1,1,1,1,1,1,1,1,4,1.17,100,1
"RLS",43,1.23,1,1.13578166916005,1,1,1,1,1,1,1,1,6,1.23,100,1
"RLS",44,1.39,1,1.39909783341793,1,1,1,1,1,1,2,4,7,1.39,100,1
"RLS",45,1.7,1,2.22701503353614,1,1,1,1,1,1,3,5,10,1.7,100,1
"RLS",46,2.02,1,2.81762131930284,1,1,1,1,1,1,4,7,13,2.02,100,1
"RLS",47,2.47,1,3.29203200887761,1,1,1,1,1,2,6,8,14,2.47,100,1
"RLS",48,3.15,1,3.98323506915693,1,1,1,1,1,4,8,11,15,3.15,100,1
"RLS",49,3.94,1,4.59868228820809,1,1,1,1,1,6,10,13,18,3.94,100,1
"RLS",50,4.74,1.5,5.18665731867974,1,1,1,1,1,8,12,15,19,4.74,100,1
"RLS",51,5.88,4,5.78273291792038,1,1,1,1,4,9,14,17,21,5.88,100,1
"RLS",52,7.18,6,6.55879392707057,1,1,1,1,6,12,16,20,23,7.18,100,1
"RLS",53,8.86,8,7.57190447468385,1,1,1,1,8,14,19,22,26,8.86,100,1
"RLS",54,10.25,10,8.03323274173158,1,1,1,2,10,15,22,24,29,10.25,100,1
"RLS",55,12.11,12,8.74313005921353,1,1,1,5,12,18,25,28,30,12.11,100,1
"RLS",56,14.23,14,9.59572190029905,1,1,1,7,14,19,27,33,36,14.23,100,1
"RLS",57,16.08,16,10.0420127565155,1,1,1,9,16,22,30,35,37,16.08,100,1
"RLS",58,18.47,19,10.4111973520355,1,1,3,11,19,24,32,36,40,18.47,100,1
"RLS",59,20.81,21.5,10.9292444312671,1,1,5,14,21,28,34,38,44,20.81,100,1
"RLS",60,22.81,23,11.1070957391019,1,1,7,16,23,29,36,40,46,22.81,100,1
"RLS",61,25,25.5,11.4362528298337,1,1,9,19,25,33,39,41,47,25,100,1
"RLS",62,27.58,28.5,11.6038830143233,1,5,11,22,28,35,40,46,51,27.58,100,1
"RLS",63,30.18,31,11.8572144854319,1,6,14,23,31,38,42,47,53,30.18,100,1
"RLS",64,32.9,34,12.1617881460372,2,11,17,24,34,41,46,50,57,32.9,100,1
"RLS",65,35.62,36,12.2793906340435,5,12,20,28,36,43,49,53,60,35.62,100,1
"RLS",66,38.68,39,12.4364079389606,11,14,23,31,39,46,52,56,62,38.68,100,1
"RLS",67,41.7,42,13.0201863475625,12,18,25,33,42,50,58,61,64,41.7,100,1
"RLS",68,44.8,45,13.1241161318553,16,21,26,35,45,53,61,64,69,44.8,100,1
"RLS",69,48.2,48,13.0778554446172,19,26,30,38,48,57,65,66,72,48.2,100,1
"RLS",70,51.35,51.5,12.9734577526813,21,28,34,43,51,61,66,71,73,51.35,100,1
"RLS",71,54.57,55,12.9819260528014,23,33,37,46,55,65,69,72,76,54.57,100,1
"RLS",72,58.45,59,13.8296818839083,25,36,39,50,59,68,75,79,82,58.45,100,1
"RLS",73,61.89,63,13.7222778390072,27,40,45,53,63,70,80,84,86,61.89,100,1
"RLS",74,65.61,67,13.8898225948776,34,43,48,56,67,75,83,88,89,65.61,100,1
"RLS",75,69.86,72,14.3534179225927,35,46,50,60,72,78,87,91,94,69.86,100,1
"RLS",76,73.74,76.5,14.5134002865899,44,49,53,63,76,83,92,96,99,73.74,100,1
"RLS",77,77.48,79,14.8129618369804,47,52,55,68,79,87,97,101,103,77.48,100,1
"RLS",78,81.48,81,15.4909422866814,50,53,57,73,81,92,101,105,110,81.48,100,1
"RLS",79,85.04,86,15.8617257394756,51,57,64,76,86,94,105,109,112,85.04,100,1
"RLS",80,89.77,90.5,16.5143677879095,54,59,70,80,90,100,110,114,119,89.77,100,1
"RLS",81,94.6,94,17.0749979664876,56,62,73,85,94,107,117,121,127,94.6,100,1
"RLS",82,99.02,99.5,17.8240445930929,59,66,75,89,99,108,120,124,136,99.02,100,1
"RLS",83,105.56,106,19.3220029494822,62,70,80,95,106,116,131,138,141,105.56,100,1
"RLS",84,111.25,111,20.5231453473754,70,76,83,98,111,124,137,146,156,111.25,100,1
"RLS",85,116.71,115,21.0695313549009,80,84,88,100,115,132,144,150,160,116.71,100,1
"RLS",86,123.16,122.5,21.7495942142572,84,87,92,106,122,137,150,157,165,123.16,100,1
"RLS",87,130.45,130,23.4483636438827,89,93,99,111,130,148,157,171,176,130.45,100,1
"RLS",88,138.83,137.5,24.6593170868927,94,97,104,120,137,154,169,183,185,138.83,100,1
"RLS",89,146.49,147.5,25.7930751806125,101,104,111,128,147,166,179,192,198,146.49,100,1
"RLS",90,154.35,155.5,26.9786204168404,102,111,119,133,155,170,188,203,206,154.35,100,1
"RLS",91,162.28,163.5,28.1058892423102,109,118,123,141,163,177,200,211,225,162.28,100,1
"RLS",92,172.23,171.5,28.2810051540827,118,127,132,153,171,191,206,223,232,172.23,100,1
"RLS",93,186.45,185.5,30.7752934489452,133,143,150,164,185,206,229,241,247,186.45,100,1
"RLS",94,202.15,198,34.2909049401756,137,149,163,176,198,222,248,253,280,202.15,100,1
"RLS",95,218.19,214,39.9423056141953,151,160,172,187,213,240,273,291,308,218.19,100,1
"RLS",96,241.79,239,43.5777014148987,160,173,188,209,237,269,297,311,340,241.79,100,1
"RLS",97,269.41,263.5,57.7003921349349,165,184,199,229,263,310,325,336,399,269.41,100,1
"RLS",98,300.29,292,66.0830966024267,190,208,228,255,291,331,374,401,488,300.29,100,1
"RLS",99,355.72,339,87.0105160253052,242,245,266,293,339,391,472,544,589,355.72,100,1
"RLS",100,451.99,414,128.353402208846,277,289,304,363,414,516,615,675,775,451.99,100,1
