target,(1+2) EA_{r/2,2r},(1+2) EA_>0,(1+2) EA_BMS,(1+2) EA_half,(1+2) EA_norm.,(1+2) EA_var.,(1+50) EA_{r/2,2r},(1+50) EA_>0,(1+50) EA_BMS,(1+50) EA_half,(1+50) EA_L1,(1+50) EA_L3,(1+50) EA_norm.,(1+50) EA_var.,RLS
1,67.11,180.97,218.11,189.12,193.34,211.18,69.59,104.95,193.74,205.23,306.75,187.51,210.35,229.55,252.19
2,114.62,362.4,297.46,328.97,262.04,341.06,172.8,256.91,308.54,416.03,526.23,351.25,373.79,395.09,524.03
3,164.65,542.53,343.39,505.26,319.35,471.1,248.08,450.76,455.99,597.04,759.5,472.67,508.46,572.28,819.63
4,202.1,694.11,394.84,604.31,365.76,617.43,303.82,596.83,562.97,779.24,879.02,590.87,614.56,729.02,991.31
5,257.79,865.86,462.84,686.04,405.86,730.91,370.3,761.92,665.63,903.09,1060.67,711.36,727.4,840.87,1205.03
6,304.18,1017.56,503.16,817.43,458.92,824.09,430.58,931.12,745.69,1006.75,1218.15,783.01,839.13,932.56,1506.96
7,351.08,1199.49,545.05,913.16,487.38,958.59,493.17,1109.19,880.67,1100.97,1395.09,868.63,945.6,1027.5,1766.25
8,392.48,1343.09,584.98,1006,538.72,1029.61,551.72,1328.64,985.71,1212.85,1556.11,948.54,1028.11,1127.91,2035.74
9,440.99,1473.98,620.32,1126.25,582.37,1163.81,633.25,1494.54,1081.65,1368.62,1722.99,1023.68,1109.3,1247.73,2373.61
10,498.49,1643.76,680.54,1241.57,623.18,1324.68,690.85,1687.47,1164.13,1493.35,1863.72,1093.35,1216.22,1337.36,2606.28
11,558.89,1828.5,728.78,1368.95,674.82,1469.67,758.08,1899.77,1222.06,1615.93,1998.78,1144.38,1305.91,1393.46,2891.35
12,628.09,2006.3,768.12,1477.97,711.62,1576.61,835.79,2091.8,1289.15,1698.7,2154.91,1210.61,1386.33,1469.48,3095.44
13,697.21,2147.35,818.55,1627.54,766.48,1706.18,897.04,2267.44,1390.73,1811.28,2299.44,1291.99,1442.93,1555.62,3341.05
14,766.73,2321.87,884.03,1725.65,814.4,1788.33,950.97,2436.5,1472.63,1938.55,2456.91,1369.42,1514.39,1657.35,3557.81
15,821.77,2446.82,934.86,1853.39,858.45,1883.55,1006.68,2557.63,1549.6,2037.12,2573.48,1423.82,1573.86,1752.24,3824.84
16,878.35,2604.43,979.17,1955.42,920.13,1982.92,1095.08,2805.28,1619.88,2125.87,2698.27,1474.46,1646.53,1821.49,4043.1
17,954.6,2791,1020.89,2067.11,991.28,2097.28,1169.66,2994.66,1689.46,2169.09,2824.27,1548.58,1741.11,1884.48,4406.54
18,1022.22,2990.7,1099,2190.23,1048.19,2197.84,1233.15,3157.22,1802.92,2266.35,2975.93,1588.36,1825.22,1965.19,4608
19,1090.53,3154.77,1184.88,2311.45,1099.98,2367.5,1310.8,3334.07,1882.14,2330.59,3078.25,1665.04,1883.5,2055.15,4813.57
20,1171.11,3339.67,1259.48,2438.31,1146.79,2520.74,1372.54,3521.88,1974.07,2416.24,3215.4,1732.93,1942.86,2147.7,5116.34
21,1242.81,3534.27,1314.83,2589.57,1211.02,2687.73,1456.79,3692.54,2030.79,2493.05,3373.73,1795.53,2037.9,2232.82,5323
22,1318.73,3680.68,1385.29,2742.38,1266.87,2834.7,1561.73,3842.22,2098.4,2593.73,3508.24,1873.37,2098.84,2306.57,5604.1
23,1395.91,3894.78,1471,2839.64,1362.17,2991.73,1615.2,4029.8,2162.15,2670.73,3605.35,1929.3,2159.09,2382.34,5897.77
24,1462.63,4071.14,1559.3,2962.63,1441.51,3142.49,1702.73,4174.62,2263.37,2738.57,3716.02,1982.83,2227.51,2477.86,6181.11
25,1530.2,4256.55,1628.36,3081.09,1522.23,3253.57,1763.03,4321.27,2335.34,2811.89,3815.78,2050.92,2302.8,2558.9,6415.94
26,1608.11,4426.76,1697.14,3187.99,1625.51,3406.55,1863.6,4494.9,2443.53,2874.1,3921.93,2118.37,2407.21,2659.29,6597.11
27,1697.76,4623.22,1769.4,3350.95,1718.7,3561.39,1945.13,4686.02,2529.83,2941.33,4012.91,2175.51,2495.66,2779.49,6849.07
28,1763.22,4783.66,1872.26,3509.26,1803.9,3713.02,2046.85,4892.93,2606.66,3008.99,4107.23,2250.07,2578.24,2848.84,7142.62
29,1826.27,4930.59,1987.3,3615.38,1899.21,3833.69,2127.69,4999.58,2697.8,3113.62,4199.99,2318.09,2648.25,2912.53,7464.71
30,1913.42,5086.44,2103.68,3710.79,1978.21,3987.46,2216.28,5167.96,2786.19,3182.18,4322.63,2382.97,2738.66,3007.94,7652.38
31,1962.45,5279.35,2216.13,3863.93,2067.97,4165.69,2317.01,5387.04,2867.75,3247.62,4440.87,2454.59,2820.33,3091.99,7880.59
32,2054.86,5435.83,2289.04,4011.49,2189.96,4256.28,2401.23,5571.05,2952.91,3326.25,4552.12,2529.51,2906.67,3171.37,8155.17
33,2140.51,5645.54,2378.15,4189.14,2281.33,4428.26,2501.07,5725.68,3053.1,3413.4,4698.32,2591.14,3008.33,3272.14,8395.77
34,2215.77,5787.83,2460.81,4310.45,2364.54,4550.13,2629.89,5862.49,3147.98,3497.87,4797.89,2673.71,3076.7,3423.76,8635.7
35,2303.23,5973.46,2547.08,4437.55,2429.82,4732.97,2743.05,6013.3,3244.34,3588.16,4893.78,2758.11,3164.98,3508.05,8882.16
36,2383.86,6169.39,2636.65,4559.52,2548.93,4864.77,2845.06,6191.42,3339.55,3675.02,4985.35,2833.47,3247.51,3602.2,9059.34
37,2484.59,6332.44,2747.13,4737.76,2650.53,4986.87,2963.41,6397.67,3401.97,3763.29,5108.44,2953.35,3343.69,3716.28,9253.8
38,2587.73,6523.64,2878.24,4869.68,2754.16,5149.13,3056.77,6537.02,3509.95,3850.16,5215.84,3034.89,3467.07,3835.23,9463.45
39,2712.54,6701.77,2973.47,5031.21,2838.11,5297.59,3147.9,6731.79,3606.41,3943.78,5331.51,3124.61,3579.01,3946.63,9686.72
40,2799.13,6866.37,3101.5,5151.23,2943.34,5424.86,3247.6,6887.73,3701.04,4018.99,5426.79,3202.73,3681.55,4024.5,9952.85
41,2917.88,7071.3,3219.67,5302.99,3035.18,5618.09,3346.2,7033.66,3805.72,4130.56,5545.1,3284.51,3804.88,4135.39,10193.28
42,3015.16,7185.92,3313.44,5429.14,3140.55,5768.03,3424.91,7276.64,3920.63,4208.75,5646.48,3359.54,3902.9,4237.54,10444.3
43,3123.72,7380.18,3415.58,5583.77,3238.93,5932.99,3538.82,7499.75,4043.46,4310.94,5764.68,3442.53,3996.92,4384.27,10699.02
44,3224.83,7518.07,3518.6,5715.08,3332.1,6125.48,3622.43,7660.68,4179.47,4410.41,5919.74,3548.54,4093.12,4481.79,10922.85
45,3371.73,7662.72,3605.07,5892.41,3458.28,6269.34,3744.11,7889.75,4337.19,4521.92,6021.8,3632.55,4194.66,4619.97,11209.46
46,3464.4,7832.22,3704.71,6033.14,3579.83,6430.89,3854.37,8040.52,4442.2,4611.92,6138.79,3750.24,4325.28,4763.77,11517.91
47,3560.52,7972.73,3801.98,6191.2,3694,6664.12,3943.25,8213.11,4541.08,4713.79,6247.96,3888.61,4429.72,4853.63,11756.92
48,3683.89,8141.91,3920.26,6369.02,3807.01,6859.44,4067.62,8392.75,4614.04,4838.53,6352.5,3996.69,4570.69,5013.94,11967.61
49,3784.99,8313.99,3986.58,6543.56,3891.53,7020.72,4196.4,8515.17,4712.27,4965.07,6479.96,4080.77,4668.23,5143.83,12275.36
50,3916.7,8503.92,4136.17,6697.61,4008.57,7178.42,4304.3,8689.23,4850.15,5087.28,6611.03,4190.86,4800.93,5253.2,12485.72
51,4022.12,8688.92,4271.71,6876.3,4143.95,7370.24,4438.36,8837.86,5013.65,5181.38,6752.34,4315.34,4924.65,5415.42,12762.38
52,4136.24,8876.96,4386.12,7057.05,4242.71,7502.4,4543.85,9059.5,5124.05,5276.18,6900.89,4455.04,5060.45,5553.69,12992.1
53,4203,9028.55,4488.39,7246.85,4361.46,7659.77,4687.57,9258.57,5298.62,5386.99,7063.2,4585.75,5178.61,5706.02,13221.8
54,4297.95,9162.24,4607.77,7402.47,4470.57,7884.53,4831.37,9408.34,5449.71,5480.92,7174.06,4681.17,5287.61,5831.67,13462.91
55,4415.64,9378.87,4728.9,7578.79,4579.65,8040.71,4954.05,9628.01,5613.54,5652.05,7297.01,4792.7,5383.48,5964.37,13731.87
56,4554.43,9551.78,4848.91,7803.45,4724.9,8235.08,5126.02,9782.88,5725.66,5758.4,7425.99,4899.59,5505.74,6082.33,13975.05
57,4695.65,9739.95,4958.31,7971.43,4849.58,8485.96,5272.45,9914.27,5919.99,5899.66,7569.5,4997.9,5665.76,6241.97,14192.8
58,4786.28,9943.31,5088.46,8151.26,5016.43,8669.64,5436.42,10085.16,6093.3,5980.24,7717.66,5133.8,5777.38,6359.97,14476.07
59,4933.72,10132.03,5182.03,8296.22,5162.41,8902.28,5564.69,10314.1,6212.16,6086.38,7866.46,5280.42,5980.46,6501.32,14715.1
60,5047.29,10316.49,5318.29,8440.42,5300.54,9112.04,5659.49,10478.65,6349.64,6219.84,8026.7,5439.7,6125,6668.89,14919.2
61,5213.59,10475.77,5506.44,8629.09,5452.82,9319.92,5791.72,10656.35,6498.73,6314.98,8160.53,5538.08,6283.64,6870.95,15134.5
62,5354.25,10619.59,5633.96,8805.75,5572.8,9523.28,5927.58,10944.29,6642.56,6463.68,8288.21,5649.55,6416.88,7040.72,15351.86
63,5454.68,10772.76,5780.22,8964.04,5728.37,9715.59,6010.89,11115.07,6783.7,6562.16,8441.3,5774.47,6579.01,7166.22,15591.49
64,5593.84,10997.94,5907.93,9183.45,5856.45,9888.68,6159.02,11300.65,6945.51,6688.66,8562.02,5930.5,6710.59,7290,15909.1
65,5750.51,11199.76,6008.1,9339.61,5981.17,10094.69,6272.28,11486.15,7100.26,6840.24,8694.79,6046.42,6871.53,7410.51,16188.29
66,5897.13,11357.78,6156.05,9508.88,6150.63,10293.55,6401.47,11727.44,7227.31,6981.74,8830.51,6158.4,6971.74,7569.07,16466.35
67,6006.51,11553.6,6333.86,9657.82,6328.31,10454.12,6549.78,11917.82,7372.75,7120.11,9006.34,6317.32,7103.4,7736.94,16806.46
68,6182.9,11789.68,6516.88,9825.66,6493.66,10664.87,6683.28,12075.76,7549.64,7214.28,9262,6401.28,7289.96,7871.31,17045.35
69,6352.39,11955.43,6653.33,9980.55,6619.56,10906.06,6814.42,12323.52,7711,7381.24,9461.46,6530.4,7445.43,8031.7,17421.32
70,6513.85,12123.63,6808.05,10151.05,6764.34,11119.62,6939.13,12563.57,7862.35,7525.41,9609.49,6664.74,7533.88,8199.41,17560.44
71,6656.47,12353.65,6965.62,10326.23,6898.21,11297.33,7052.83,12706.08,8048.95,7658.84,9731.06,6797.67,7722.85,8393.99,17806.95
72,6800.66,12516.25,7182.07,10476.78,7076.67,11512.47,7185.99,12944.53,8193.13,7785.66,9863.38,6932.97,7907.06,8511.58,18004.17
73,6960.51,12722.07,7330.53,10673.82,7257.63,11694.6,7332.52,13190.7,8358.74,7921.93,10009.13,7088.85,8109.22,8659.19,18383.05
74,7125.69,12886.05,7454.09,10830.48,7375.4,11887.95,7475.46,13408.76,8543.46,8085.79,10182.91,7232.58,8274.72,8805.36,18609.98
75,7252.69,13071.71,7634.42,11039.16,7522.78,12134.84,7570.76,13610.1,8676.23,8201.72,10353.97,7398.98,8444.44,9010.95,18860.55
76,7364.34,13365.23,7772.79,11206.48,7720.39,12390.7777777778,7700.73,13790.9,8863.23,8345.46,10528.12,7553.51,8614.67,9177.19,19235.85
77,7529.57,13546.46,7970.2,11405.39,7895.85,12648.6363636364,7853.32,14005.48,9051.75,8516.81,10687.82,7733.98,8756.97,9309.12,19485.53
78,7726.08,13673.21,8133.48,11558.86,8023.45,12825.9797979798,8025.6,14205.45,9198.98,8663.42,10797.56,7863.19,8925.32,9482.02,19666.83
79,7892.56,13821.38,8314.92,11700.6,8136.89,13022.9090909091,8150.99,14448.84,9365.35,8808.78,10977.88,7994.48,9089.02,9636.36,19931.83
80,8084.9,13989.48,8463.3,11920.65,8269.58,13260.3131313131,8288.54,14584.45,9544.29,8943.35,11089.41,8155.11,9227.22,9753.62,20190.76
81,8232.12,14153.37,8585.22,12186.84,8383.74,13521.0303030303,8448.23,14807.73,9728.8,9103.52,11263.02,8331.8,9363.93,9901.66,20495.39
82,8366.27,14303.66,8754.78,12370.35,8578.96,13702.9898989899,8547.28,14979.04,9896.02,9244.37,11403.92,8473.31,9534.29,10056.58,20799.08
83,8540.57,14539.16,8872.04,12532.53,8763.28,13906.6565656566,8713.73,15150.85,10078.87,9409.53,11586.08,8613.6,9644.81,10227.94,21015.42
84,8663.84,14684.93,9005.32,12717,8919.93,14148.8282828283,8849.35,15338.76,10338.51,9569.66,11736.69,8809.41,9816.06,10383.03,21303.05
85,8841.3,14908.02,9213.18,12931.36,9100.08,14306.9696969697,9026.82,15487.84,10528.8,9776.93,11883.75,8983.81,9992.62,10595.31,21558.77
86,8972.11,15076.65,9356.02,13142.55,9314.99,14523.8686868687,9149.27,15651.87,10728.15,9964.66,12048.34,9137.36,10132.19,10763.07,21795.45
87,9154.16,15319.13,9536.11,13287.38,9484.5,14737.4444444444,9326.88,15844.69,10899.07,10101.51,12214.41,9338.68,10311.38,10917.97,22049.54
88,9364.65,15485.93,9736.49,13474.78,9644.49,14901.0505050505,9527.07,16052.9,11102.86,10250.99,12387.48,9425.27,10466.97,11085.26,22292.54
89,9451.82,15687.16,9982.45,13640.41,9756.93,15050,9704.34,16260.97,11333.25,10405.06,12521.86,9602.87,10597.48,11252.81,22491.12
90,9586.76,15842.73,10142.16,13804.93,9968.3,15333.7474747475,9828.16,16438.69,11517.07,10573.71,12653.17,9796.58,10722.1,11428.31,22765.23
91,9727.09,16088.67,10347.89,13980.72,10150.39,15513.8181818182,10040.51,16584.36,11680.78,10795.72,12871.21,9956.35,10887.24,11639.2,23006.1
92,9916.78,16213.42,10523.03,14103.55,10335.53,15790.7777777778,10245.97,16759.27,11846.63,10977.68,13088.32,10083.01,11041.38,11814.59,23232.59
93,10123.71,16435.8,10666.49,14303.35,10517.27,16016.3131313131,10450.24,16990.21,11976.57,11156.97,13292.28,10264.57,11193.29,12014.66,23505.97
94,10310.44,16585.08,10871.43,14436.77,10720.81,16259.4747474747,10623.98,17162.12,12187.25,11324.42,13438.12,10415.07,11326.8,12210.82,23801.11
95,10481.14,16808.81,11075.29,14588.87,10900.25,16491.7777777778,10799.52,17385.1,12367.28,11490.93,13616.92,10624.99,11513.88,12411.53,23997.18
96,10624.68,17006.91,11262.96,14773.18,11100.59,16685.9898989899,10930.17,17582.75,12574.1,11633.59,13792.79,10820.89,11711.99,12586.63,24230.83
97,10763.03,17166.79,11508.81,14926.5,11301.41,16909.8383838384,11115.14,17771.76,12720.91,11804.21,13968.79,10945.52,11875.33,12769.27,24463.62
98,10939.87,17371.92,11731.86,15063.37,11505.28,17083.5151515152,11287.99,18019.86,12875.26,11964.53,14228.85,11090.83,12081.03,12911.38,24672.75
99,11106.39,17554.97,11911.05,15212.62,11671.03,17347.1212121212,11474.9,18251.89,13025.4,12173.59,14462.2,11287.38,12281.53,13101.01,24996.04
100,11249.15,17736.64,12087.03,15411.59,11837.46,17608,11613.05,18501.06,13256.57,12335.72,14609.58,11474.56,12444.53,13281.74,25157.39
101,11396.1,17952.68,12231.37,15610.05,12025.8,17781.1717171717,11864.82,18644,13429.36,12488.37,14833.77,11676.56,12563.65,13426.91,25425.76
102,11595.56,18100.65,12424.91,15786.88,12168.51,17986.7171717172,12096.49,18820,13591.83,12647.26,15030.01,11868.01,12766.16,13583.41,25706.21
103,11777.3,18274.91,12656.2,15950.44,12396.83,18161.303030303,12244.32,19068.22,13759.8,12842.47,15246,12025.51,12953.31,13727.44,25925.86
104,11961.55,18496.79,12845.01,16176.04,12586.57,18402.7070707071,12435.11,19308.35,13934.13,13114.98,15421.85,12208.16,13193.54,13910.67,26163.75
105,12153.89,18660.08,13021.17,16350.02,12799.38,18649.0101010101,12588.09,19512.17,14118.85,13269.77,15618.45,12332.22,13392.16,14093.76,26476.12
106,12325.11,18819.49,13216.37,16514.53,13048.98,18953.0101010101,12793.63,19716.07,14356.8,13415.18,15853.23,12517.88,13577.71,14314.12,26790.98
107,12472.39,19085.89,13397.93,16705.84,13254.46,19223.2323232323,12943.85,19928.2,14530.22,13562.6,16076.2,12721.78,13775.06,14499.62,26986.48
108,12677.47,19293.32,13578.39,16881.27,13467.85,19545.9696969697,13173.31,20130.17,14717.1,13788.05,16274.68,12904.27,13939.86,14701.8,27245.21
109,12847.7,19490.66,13734.83,17118.73,13638.13,19767.4343434343,13409.36,20349.06,14958.41,13965.01,16493.5,13119.5,14101.94,14889.41,27554.44
110,13077.49,19678.99,13956.66,17351.68,13793.89,19985.6464646465,13642.37,20545.89,15207.79,14110.74,16724.48,13323.51,14332.25,15072.63,27881.12
111,13308.22,19943.24,14144.02,17545.03,13948.84,20203.7171717172,13861.66,20774.21,15418.34,14285.39,16933.09,13543.1,14549.6,15279.64,28179.68
112,13528.13,20172.57,14364.51,17736.98,14121.37,20454.6565656566,14026.93,20967.86,15642.03,14473.5,17132.23,13721.2,14730.04,15445.55,28459.4
113,13738.2,20364.36,14556.74,17976,14368.39,20689.5151515152,14244.27,21170.3,15849.18,14634.67,17383.86,13905.14,14905.17,15675.32,28737.04
114,13921.5,20543.32,14754.73,18102.34,14553.14,20896.5151515152,14420.9,21442.71,16086.1,14830.59,17630.44,14097.84,15105.91,15849.69,29051.36
115,14070.34,20755.66,14943.39,18317.57,14703.31,21152.5454545455,14621.32,21628.14,16292,15023.33,17832.43,14322.16,15281.08,16106.84,29207.13
116,14325.94,20939.65,15125.63,18471.47,14876.78,21423,14878.93,21870.2,16464.74,15266.57,18006.96,14516.15,15458.1,16324.62,29447.81
117,14535.49,21139.4,15267.76,18645.89,15048.31,21561.898989899,15092.46,22103.02,16626.53,15428.34,18241.4,14762.71,15760.45,16520.76,29657.09
118,14745.57,21351.54,15423.27,18792.01,15204.01,21832.4646464646,15282.13,22266.87,16845.37,15605.9,18444.3,15045.69,15959.75,16758.02,29964.1
119,14938.31,21538.18,15649.6,18970.64,15419.51,22055.3838383838,15487.54,22460.62,17038.52,15746.62,18612.15,15207.86,16137.15,17031.74,30276.59
120,15103.52,21731.76,15830.16,19215.11,15585.78,22211.6363636364,15695.44,22629.29,17172.86,15944.75,18822.31,15394.73,16353.79,17277.41,30506.45
121,15316.6,21979.36,16005.74,19374.75,15847.48,22496.1515151515,15865.48,22832,17386.3,16181.61,18973.38,15578.12,16566.6,17485.79,30804.45
122,15485.93,22237.36,16215.6,19562.73,16054.75,22683.898989899,16101.58,23032.27,17579.37,16354.32,19244.01,15692.56,16739.33,17643.12,31080.27
123,15724.95,22519.14,16435.35,19782.76,16278.9,22929.9393939394,16329.83,23284.97,17770.17,16520.43,19436.64,15906.3,16875.22,17845.82,31321.52
124,15906.44,22692.21,16627.83,19977.44,16538.58,23200.8080808081,16507.07,23500.23,17987.53,16745.36,19676.81,16119.18,17038.2,18056.72,31550.95
125,16116.21,22911.99,16792.61,20189.82,16698.4,23474.4242424242,16698.63,23728.78,18130.55,16873.09,19847.25,16340.63,17279.57,18257.37,31849.51
126,16398.04,23113.18,16996.2,20409.67,16888.36,23735.0303030303,16870.83,23932.28,18323.11,17105.75,20055.04,16569.32,17468.61,18535.36,32083.55
127,16642.31,23297.56,17174.86,20586.36,17107.39,24002.2727272727,17117.87,24093.07,18534.84,17264.65,20194.41,16814.88,17697.39,18788.53,32314.41
128,16871.94,23432.35,17336.41,20752.13,17307.53,24139.3737373737,17336.69,24266.71,18695.65,17466.42,20401.95,17042.25,17873.14,18949.81,32512.81
129,17063.27,23685.74,17545.14,21047.12,17531.55,24318.3636363636,17574.34,24474.56,18927.41,17693.64,20620.18,17270.36,18056.93,19113.43,32785.7
130,17296.22,23864.88,17752.28,21289.05,17745.33,24580.9797979798,17805.19,24695.75,19194.8,17850.68,20847.98,17424.18,18252.35,19299.03,33048.06
131,17535.99,24102.87,17936.11,21425.43,17964.29,24786.9898989899,18054.08,24949.24,19424.47,18058.27,21149.28,17646,18438.32,19462.04,33231.49
132,17790.48,24294.08,18178.3,21641.37,18141.35,25071.2121212121,18302.09,25150.79,19649.85,18225.75,21318.9,17881.43,18599.69,19675.43,33471.21
133,18044.2,24504.35,18395.94,21868.73,18348.48,25278.2424242424,18619.15,25389.81,19816.48,18411.39,21541.48,18100,18857.17,19825.5,33701.37
134,18328.36,24682.89,18624.99,22081.48,18548.93,25519.9191919192,18838.04,25628.36,20044.27,18597.07,21750.54,18316.78,19051.66,20052.23,33971.91
135,18562.65,24876.29,18743.96,22311.9,18724.91,25709.9797979798,19027.44,25869.59,20288.31,18755.17,22028.64,18504.22,19287.33,20257.68,34237.1
136,18832.19,25077.27,18991.85,22515.41,18951.76,25963.1919191919,19254.69,26086.82,20528.88,19021.81,22251.54,18758.5,19491.88,20449.54,34482.04
137,19046.56,25300.4,19146.52,22825.39,19195.93,26204.3232323232,19458.89,26279.41,20742.21,19182.63,22487.8,18984.25,19717.44,20632.18,34684.12
138,19325.81,25509.07,19359.64,23002,19381.06,26478.303030303,19719.6,26499.34,20924.99,19498.48,22660.72,19219.77,19948.53,20855.92,34871.64
139,19567.78,25732.01,19604,23235.73,19674.1,26634.1818181818,19916.36,26747.67,21074.44,19717.58,22854.99,19394.99,20150.27,21067.6,35214.03
140,19793.6,25977.92,19861.88,23464.38,19906.37,26805.4141414141,20060.76,26960.02,21254.22,19886.53,23220.69,19628.69,20326.94,21309.88,35470.68
141,20021.45,26212.02,20069.26,23661.43,20167.7,27048.9595959596,20252.51,27139.8,21421.67,20113.59,23446.39,19902.92,20592.77,21586.58,35697.68
142,20260.07,26405.32,20234.66,23809.29,20448.44,27277.8787878788,20453.11,27381.11,21572.31,20307.07,23662.25,20102.25,20824.88,21822.93,35955.05
143,20409.37,26616.24,20451.48,24045.52,20727.31,27481.101010101,20694.44,27583.59,21761,20544.45,23863.61,20273.6,21090.38,22060.83,36077.35
144,20604,26843.85,20707.94,24248.65,20932.74,27788.7272727273,20951.97,27794.14,21945.2,20814,24062.84,20544.77,21251.48,22306.47,36368.23
145,20858.62,26988.14,20932.54,24448.34,21174.61,28024.9696969697,21207.8,27966.96,22187.11,21120.15,24316.45,20790.86,21479.85,22575.53,36588.5
146,21149.24,27155.48,21160.94,24678.99,21415.1,28307.4242424242,21457.9,28160.21,22400.22,21397.64,24551.24,21053.94,21687.82,22861.51,36790.05
147,21389.94,27377.96,21491.98,24921.59,21657.55,28574.7575757576,21683.88,28428.83,22601.61,21606.98,24826.81,21301.3,21953.3,23073.69,37039.29
148,21674.9,27590.39,21708.6,25194.14,21888.07,28855.8585858586,21916.15,28688.33,22831.58,21891.18,25037.36,21484.4,22159.54,23291.4,37224.14
149,21857.36,27744.08,21949.78,25427.09,22146.52,29078.2525252525,22137.17,28937.92,23081.35,22122.43,25336.11,21696.52,22369.05,23527.19,37452.38
150,22087.98,27929.64,22152.36,25684.02,22360.9,29289.1818181818,22356.13,29148.48,23255.48,22357.12,25531.05,21947.86,22612.93,23785.44,37640.64
151,22381.48,28146.61,22364.19,26016.15,22619.34,29538.3939393939,22614.4,29439.88,23505.97,22616.17,25727.85,22145.06,22797.66,23997.31,37874.51
152,22645.3,28368.75,22646.18,26312.26,22824,29820.2222222222,22813.77,29717.69,23838.54,22877.02,25998.32,22340.12,23069.13,24199.01,38176.32
153,22943.97,28621.78,22884.2,26602.99,23107.17,30086.2929292929,23058.67,29999.28,24067.96,23097.54,26218.82,22700.05,23279.09,24432.22,38375.67
154,23223.99,28803.54,23122.51,26830.07,23317.3,30347.505050505,23294.45,30247.9,24303.91,23256.38,26481.77,22990.7,23496.04,24634.95,38627.37
155,23502.36,29089.63,23504.31,26998.21,23643.15,30586.4646464646,23528.77,30439.27,24536.45,23454.32,26715.98,23246.23,23663.3,24886.44,38894.66
156,23834.95,29290.82,23739.63,27254.41,23855.33,30887.3838383838,23762.16,30645.5,24693.62,23745.19,26888.62,23501.01,23876.81,25229.96,39182.08
157,24121.38,29493.01,23986.56,27438.48,24075.53,31182.8686868687,23987.25,30870.1,24925.31,24026.89,27119.93,23805.14,24018.7,25442.57,39396.83
158,24467.1,29725.69,24191.24,27682.38,24302.83,31377.3535353535,24251.7,31071.64,25138.5,24291.34,27411.41,24004.74,24233.49,25628.47,39568.19
159,24704.41,29933.2,24395.58,27919.32,24513.99,31629.8080808081,24486.56,31355.43,25378.56,24496.94,27707.2,24202.41,24502.51,25835.19,39821.57
160,24928.48,30170.85,24687.71,28134.28,24745.05,31957.2424242424,24798.68,31673.37,25526.99,24706.82,27955.88,24366.2,24709.43,26096.15,40069.8
161,25278.26,30478.24,24905.81,28347.28,24939.15,32181.6767676768,25019.7,31903.59,25784.63,24858.22,28143.19,24595.86,25013.87,26336.57,40289.09
162,25544.69,30668.55,25196.62,28562.84,25143.14,32410.494949495,25197.23,32131.58,26011.08,25181.1,28376.47,24861.47,25191.7,26605.6,40554.07
163,25774.27,30832.88,25455.78,28758.37,25412.58,32625.7272727273,25447.43,32450.61,26319.94,25437.42,28629.44,25088.74,25429.79,26860.38,40785.24
164,26058.39,31025.76,25681.48,28947.94,25630.92,32876.8181818182,25668.09,32655.79,26561.16,25645.77,28816.17,25366.77,25760.14,27073.59,41034.9
165,26344.05,31181.32,25869.93,29201.11,25919.39,33149.1919191919,25955.06,32892.63,26819.06,25809.23,29122.36,25605.41,25948.3,27337.14,41258.9
166,26560.96,31404.7,26069.25,29358.44,26142.61,33398.1818181818,26219.33,33175.93,27085.79,26049.47,29332.82,25817.66,26179.98,27537.1,41490.41
167,26863.43,31607.08,26275.36,29552.65,26424.53,33733.3333333333,26603.09,33389.24,27260.27,26236.19,29515.85,26145.8,26417.2,27699.21,41702.42
168,27091.35,31841.14,26573.94,29767.79,26628.26,34013.7171717172,26915.37,33643.83,27468.97,26486.95,29774.43,26349.71,26632.97,27904.7,41988.05
169,27358.07,31993.31,26862.66,30028.17,26880.34,34256.898989899,27148.25,33917.62,27676.99,26722.81,29976.9,26603.51,26957.13,28182.67,42215.56
170,27622.46,32185.5,27086.85,30233.34,27172.11,34543.696969697,27434.6,34150.59,27921.97,26939.71,30315.48,26856.61,27213.5,28344.94,42521.69
171,27920.97,32338.94,27354.78,30472.81,27460.53,34748.9494949495,27691.96,34373.69,28159.84,27164.17,30571.24,27061.28,27433.39,28605.66,42770.7
172,28153.97,32582.57,27558.23,30705.42,27734.42,34965.3232323232,27939.6,34674.64,28410.45,27396.33,30844.39,27288.36,27685.6,28857.21,42974.26
173,28417.58,32818.58,27814.66,30974.13,28004.88,35168.3434343434,28207.7,34866.81,28620.09,27631.08,31069.05,27589.37,27953.19,29155.43,43198.34
174,28653.37,33042.42,28096.25,31231.57,28254.5,35420.1515151515,28509.1,35136.89,28831.71,27841.69,31252.02,27911.72,28177.09,29466.27,43430.84
175,29011.95,33232.15,28403.4,31401.21,28534.87,35749.595959596,28791.78,35373.76,29064.93,28063.72,31395.21,28202.97,28450.09,29680.16,43668.57
176,29339.82,33435.9,28640.71,31599.69,28725.59,35958.7373737374,29126.63,35610.73,29283.57,28278.68,31655.72,28472.49,28643.37,29887.7,43865.77
177,29652.15,33585.54,28939.31,31797.46,28889.91,36270.2727272727,29493.63,35814.88,29525.66,28511.64,31887.94,28789.42,28887.06,30148.93,44113.77
178,29895.87,33786.69,29226.66,32071.53,29074.29,36569.404040404,29865.52,36054.83,29751.41,28729.2,32078.9,29059.82,29138.13,30342.69,44414.81
179,30245.52,34056.61,29523.92,32328.16,29373.27,36776.8383838384,30104.07,36209.2,30020.21,28947.72,32271.88,29257.66,29346.18,30632.79,44660.6
180,30488.19,34282.46,29824.61,32590.72,29595.57,37054.1616161616,30332.81,36498.02,30231.79,29237.54,32519.65,29490.11,29647.41,30882.46,44854
181,30756.76,34470.3,30068.32,32893.27,29791.02,37294.5353535354,30562.85,36747.51,30469.14,29429.24,32730.48,29821.58,29900.69,31157.91,45074.89
182,31194.85,34626.8,30322.85,33147.33,29999.93,37561.5454545455,30841.23,36963.26,30745.4,29630.18,32911.11,30047.99,30144.01,31440.54,45321.73
183,31511.32,34865.84,30584.68,33422.58,30273.43,37842.5252525253,31119.67,37192.29,31022.4,29849.33,33157.9,30290.48,30308.87,31712.31,45586.53
184,31810.89,35113.38,30866.84,33714.42,30558.56,38136.7373737374,31361.3,37432.39,31291.63,30203.44,33402.1,30554.92,30563.08,31926.35,45751.94
185,32181.36,35308.76,31140.73,33967.59,30880.72,38385.5454545455,31612.72,37676.97,31552.22,30384.2,33657.78,30731.09,30888.49,32158.22,45994.16
186,32553.86,35534.56,31425.67,34209.45,31106.96,38656.5050505051,31841.27,37909.9,31865.59,30576.1,33836.57,30990.09,31184.27,32397.23,46217.52
187,33067.51,35725.47,31588.81,34382.92,31426.59,38912.5656565657,32190.5,38137.93,32054.62,30936.9,34107.49,31315.49,31355.77,32694.67,46413.04
188,33403.43,35940.27,31924.71,34674,31674.65,39186.3232323232,32501.23,38332.74,32354.26,31186.37,34318.55,31684.99,31594.86,32891.3,46596.31
189,33860.9,36130.17,32254.03,34950.22,31907.83,39445.696969697,32756.26,38657.56,32584.3,31448.27,34541.35,31915.78,31809.84,33155.15,46852.07
190,34200.6,36381.73,32494.22,35211.55,32111.57,39646.7373737374,33035.1,38909.51,32790.46,31681.59,34743.06,32216.08,32043.37,33463.72,47116.85
191,34531.36,36598.15,32732.1,35471.18,32362.63,39853.101010101,33370.16,39138.82,33071.07,31940.74,34983.1,32479.95,32312.38,33759.39,47413.08
192,35025,36813.06,32957.09,35783.87,32647.72,40122.7676767677,33692.82,39364.18,33343.62,32292.3,35253.5,32746.53,32519.34,34020.85,47668.45
193,35416.82,36985.15,33167,36063.08,32891.55,40372.1717171717,34018.46,39561.67,33625.1,32518.98,35471.36,32991.49,32833.05,34331.34,47879.52
194,35707.18,37254.04,33373.08,36320.1,33077.8,40558.3939393939,34284.1,39818.21,33897.16,32778.66,35724.43,33242.08,33051.25,34636.73,48130.98
195,36097.44,37478.52,33693.2,36612.4,33367.48,40825.303030303,34624.37,40088.61,34191.43,33067.13,35863.8,33533.57,33269.19,34993.56,48404.98
196,36414.62,37818.48,34030.1,36903.7,33578.41,41098.0808080808,34933.46,40345.26,34389.73,33369.96,36154.76,33758.52,33582.17,35227.65,48703.91
197,36800.74,38068.37,34370.17,37188.57,33828.52,41388.898989899,35192.52,40585.93,34590.76,33644.09,36431.3,34009.47,33824.83,35455.02,48999.75
198,37267.08,38340.32,34683.76,37511.39,34128.24,41575.3939393939,35539.23,40761.48,34803.82,33900.58,36660.88,34239.39,34088.22,35751.14,49213.2
199,37525.06,38563.46,34906.37,37736.4,34474.63,41814.202020202,35838.71,41079.72,35040.58,34217.43,36906.88,34572.92,34350.96,35955.96,49442.16
200,37997.56,38868.99,35206.51,37941.08,34717.33,42057.9292929293,36191.55,41298.11,35272.39,34523.97,37143.23,34836.48,34520.93,36243.86,49658.85
201,38410.02,39117.42,35460.43,38204.01,35010.66,42335.6161616162,36574.07,41528.86,35558.56,34771.96,37363.02,35184.08,34786.42,36494.21,49919.47
202,38720.52,39418.67,35771.94,38447.5,35251.41,42565.1414141414,36963.05,41766.2,35808.82,34992.63,37629.6,35451.55,34984.78,36786.21,50133.06
203,38973.25,39701.86,36145.91,38710.84,35525.9,42813.5555555556,37391.94,41977.61,36059.94,35242.52,37877.47,35749.25,35217.07,37076.2,50407.67
204,39387.46,39895.88,36504.27,38918.87,35830.94,43124.0404040404,37696.47,42188.72,36276.34,35596.53,38060.83,36098.02,35493.36,37313.74,50733.81
205,39894.11,40132.42,36774.23,39127.76,36066.57,43339.8585858586,38010.04,42461.6,36512.35,35811.15,38324.53,36366.41,35723.43,37536.86,51076.15
206,40353.22,40319.09,37055.39,39324.71,36407.75,43533.1515151515,38509.32,42736.73,36826.62,36078.54,38529.96,36699.3,36006.06,37804.65,51357
207,40771.41,40590.78,37297.89,39579.57,36575.25,43818.2626262626,38942.95,42916.77,37076.05,36342.99,38781.46,37001.36,36234.31,38117.9,51684.23
208,41201.77,40833.34,37521.77,39821.41,36896.31,44065.6363636364,39268.88,43137.4,37358.77,36588.81,39062.09,37254.4,36452.23,38457.01,52009.49
209,41538.73,41065.7,37819.66,40001.95,37280.68,44308.0707070707,39688.39,43407.6,37677.65,36890.51,39284.2,37528.94,36733.09,38739.91,52227.3
210,41945.76,41378.32,38048.72,40245.71,37594.67,44556.0909090909,40044.43,43615.86,37988.57,37133.79,39589.55,37759.5,37087.13,38937.74,52537.91
211,42313.3,41565.18,38315.03,40495.89,37819.81,44798.2121212121,40417.6,43860.38,38164.7,37396.33,39923.12,38020.97,37352.41,39177.89,52733.49
212,42795.71,41811.99,38545.92,40757.51,38171.44,45026.9898989899,40763.54,44103.77,38382,37656.42,40207.18,38314.64,37570.59,39463.98,52920.27
213,43355.07,42090.66,38790.78,41019.58,38422.47,45312.1818181818,41042.45,44427.42,38620.6,37924.6,40397.7,38603.04,37814,39792.97,53081.1
214,43872.13,42344.16,39076.06,41215.6,38709.82,45612.3636363636,41386.22,44634.23,38874.44,38201.37,40657.83,38930.43,38060.12,40071.76,53366.21
215,44352.65,42524.86,39351.1,41478.27,39112.96,45846.9696969697,41798.18,44910.64,39088.68,38418.56,40899.92,39207.73,38345.46,40370.11,53580.41
216,44757.76,42763.72,39725.39,41765.06,39416.9,46155.7777777778,42174,45224.56,39307.94,38682.66,41156.88,39530.55,38557.91,40647.18,53880.39
217,45187.63,43057.52,40099.96,42122.62,39646.68,46381.7676767677,42416.15,45410.68,39578.85,38952.83,41418.34,39800.61,38821.73,40932.86,54152.51
218,45677.6,43377.12,40324.55,42353.88,39989.73,46583.5858585859,42708.84,45716.52,39781.2,39181.52,41779.35,40110.61,39061.62,41244.13,54440.99
219,46131.86,43653.11,40658.86,42669.07,40289.78,46863.1919191919,43125.31,45998.2,40050.52,39447.53,42040.93,40458.24,39376.35,41490.05,54683.21
220,46494.31,43874.15,40884.06,42876.37,40516.41,47051.5858585859,43396.61,46311.32,40269.73,39699.98,42242.68,40722.49,39632.26,41668.48,54902.52
221,47014.88,44148.94,41116.73,43082.23,40838.31,47200.0202020202,43711.43,46588.46,40537.38,39925.61,42605.55,40901.06,39851.59,41898.85,55174.57
222,47501.88,44349.98,41408.53,43314.4,41139.48,47442.1111111111,44088.61,46824.49,40824.7,40168.33,42838.04,41212.69,40143.17,42221.35,55422.23
223,47900.88,44563.95,41752.09,43633.4,41359.68,47681.5353535354,44496.71,47050.84,41098.99,40438.34,43078.28,41520.58,40378.12,42460.85,55621.33
224,48320.91,44796.59,42120.76,43917.42,41647.05,47954.4545454545,44902.29,47227.19,41322.66,40652.05,43272.19,41745.2,40714.76,42770.54,55822.18
225,48742.1,45004.88,42437.78,44108.03,41854.55,48302.3535353535,45223.63,47494.3,41627.06,40832.44,43516.66,41991.31,41023.21,42994.62,56082.15
226,49330.77,45285.01,42754.12,44343.29,42253.74,48535.4141414141,45540.32,47756.57,41876.4,41063.82,43843.08,42297.61,41350.16,43299.83,56357.94
227,49872.18,45544.5,43157.25,44631.32,42542.4,48688.9090909091,45912.49,48075.49,42187.56,41333.33,44071.55,42628.66,41621.3,43532.97,56616.62
228,50385.71,45727.02,43506.19,44943.84,42858.7,48891.3838383838,46374.78,48340.91,42522.95,41655.47,44292.59,42977.9,41813.02,43809.47,56840.76
229,50960.56,45923.93,43960.05,45250.07,43143.2,49217.6565656566,46767.78,48555.53,42770.6,41895.31,44598.38,43216.89,42110.19,44122.2,57057
230,51373.02,46124.99,44216.48,45491.51,43465.65,49429.8484848485,47281.4,48846.39,43061.37,42180.12,44865.42,43571.34,42372.72,44443.17,57336.73
231,51876.94,46418.69,44478.41,45734.37,43806.45,49684.1616161616,47654.83,49135.13,43332.13,42403.22,45159.15,43808.93,42654.95,44696.63,57550.76
232,52213.15,46624.15,44774.71,46044.52,44072.07,49917.7070707071,48086.19,49529.22,43575.11,42742.8,45428.08,44061.29,42917.27,44890.1,57751.13
233,52752.92,46802.88,45118.04,46294.52,44283.39,50278.696969697,48457.29,49872.71,43939.39,43027.92,45664.43,44357.24,43261.13,45099.44,57949.58
234,53223.71,47147.94,45496.65,46608.73,44637.49,50573.5353535354,48814.22,50188.46,44221.64,43368.35,46101.88,44631.47,43473.22,45393.19,58204.57
235,53633.3,47399.81,45856.1,46859.79,44952.07,50772.696969697,49233.07,50466.39,44473.25,43646.45,46387.72,45006.48,43836.68,45687.36,58423.56
236,54209.08,47618.64,46223.79,47186.76,45324.34,50994.4545454545,49569.94,50703.27,44790.39,44016.55,46619.55,45253.69,44134.02,45926.89,58676.77
237,54591.28,47818.46,46543.28,47457.05,45643.35,51292.8585858586,50043.98,51005.58,45074.46,44224.76,46861.37,45561.41,44424.02,46264.47,58918.55
238,55064.94,48045.15,46729.26,47737.42,45961.93,51686.0707070707,50433.55,51275.59,45256.45,44440.53,47069.94,45790.42,44771.74,46543.64,59177.55
239,55631.04,48263.99,47156.73,48075.91,46402.55,51948.7171717172,50694.61,51552.35,45493.67,44671.08,47348.23,46081.65,45077.98,46742.08,59395.23
240,56094.47,48484.92,47422.62,48373.27,46690.11,52211.7676767677,51016.19,51827.59,45769.54,45000.18,47687.35,46330.77,45359.26,47015.96,59641.62
241,56554.67,48738.92,47607.92,48665.86,46939.48,52488.0707070707,51452.77,52154.21,46035.47,45290.49,47968.8,46672.68,45671.23,47280.57,59904.99
242,57051.56,48990.08,47875.03,48945.01,47237.57,52781.1515151515,51884.79,52514.47,46285.65,45573.43,48228.8,46994.58,45887.33,47604.84,60146.95
243,57506.29,49196.11,48199.51,49261.02,47561.91,53031.2323232323,52174.92,52849.58,46526.52,45779.27,48506.07,47379.95,46099.3,47849.73,60452.56
244,57903.23,49462.78,48583.81,49544.45,47836.9,53372.6767676768,52633.67,53131.31,46841.85,46030.58,48755.85,47718.86,46376.78,48100.93,60734.85
245,58377.76,49774.65,48852.62,49846.22,48155.91,53580.7474747475,53053.95,53419.73,47069.46,46330.02,48975.43,47942.17,46565.79,48288.17,60958.25
246,58829.49,50018.81,49173.34,50127.01,48476.5,53841.2121212121,53555.24,53698.08,47409.75,46606.14,49234.27,48315.6,46793.43,48562.59,61186.73
247,59247.41,50352.92,49498.44,50428.1,48753.74,54081.0303030303,53955.66,53921.66,47686.14,46870.22,49502.73,48562.73,47033.44,48766.59,61417.29
248,59640.81,50633.24,49749.15,50788.84,49108.46,54340.3333333333,54295.95,54195.74,48039.05,47180.93,49770.88,48889.21,47303.99,49063.38,61655.02
249,60012.19,50889.51,50009.17,51045.29,49488.81,54590.9797979798,54662.3,54425.59,48350.5,47550.42,50057.13,49190.36,47615.04,49348.5,61800.78
250,60517.33,51171.06,50423.22,51384.42,49801.2,54848.2323232323,55139.58,54683.67,48612.34,47839.6,50380.31,49519.25,47854.82,49723.32,62039.22
251,60886.76,51379.98,50818.46,51644.81,50056.33,54982.3838383838,55679.79,54958.8,48873.05,48123.43,50649.7,49871.65,48110.94,49979.03,62234.55
252,61293.62,51663.37,51085.97,51964.87,50502.39,55219.3535353535,56121.29,55166.6,49159.89,48315.24,50908.9,50182.86,48359.03,50258.16,62482.87
253,61858.07,51938.11,51456.44,52351.14,50904.01,55458.404040404,56562.13,55469.33,49426.33,48553.94,51162.48,50486.37,48638.28,50489.73,62727.85
254,62381.48,52221.03,51843.21,52591.38,51365.05,55705.2929292929,57027,55788.03,49687.05,48829.68,51366.76,50835.06,48868.14,50802.51,63012.45
255,62926.47,52405.23,52114.78,52887.96,51659.51,55873.6565656566,57409.29,56042.71,49859.39,49119.08,51700.5,51115.61,49154.65,50985.15,63217.9
256,63455.7,52713.45,52382.92,53112.41,51903.89,56095.2929292929,57704.64,56230.52,50172.7,49347.45,51976.77,51455.63,49357.99,51250.61,63487.75
257,64004.1,52934.6,52817.93,53362.07,52235.19,56337.0808080808,58127.69,56458.96,50409.26,49626.12,52274.76,51826.87,49621.46,51555.81,63781.9
258,64475.95,53223.97,53145.58,53650.71,52711.45,56627.303030303,58497.38,56755.22,50665.03,49937.29,52703.18,52156.4,50025.47,51852.08,63972.5
259,65030.5,53414.07,53462.7,53954.77,53061.75,56924.7272727273,58852.97,57038.8,50904.98,50222.48,53025,52506.03,50281.37,52183.73,64262.99
260,65565.83,53656.49,53788.34,54237.99,53411.27,57239.7474747475,59432.56,57292.97,51142.84,50490.21,53267.32,52841.28,50519.54,52396.48,64534.28
261,66038.95,54016.06,54054.29,54523.6,53755.34,57521.9090909091,59818.25,57568.29,51462.76,50826.52,53584.67,53086.05,50838.78,52665.32,64885.88
262,66627.23,54263.69,54370.55,54816.5,54063.6,57744.7777777778,60372.91,57823.19,51752.34,51126.76,53877.73,53359.44,51087.49,52870.7,65180.26
263,67171.54,54526.58,54675.06,55020.73,54348.79,57989.4949494949,60815.83,58074.67,52075.32,51417.82,54261.03,53704.18,51369.63,53201.76,65434.39
264,67802.92,54779.38,54992.27,55386.44,54799.8,58257.4646464646,61368.36,58345.56,52380.24,51675.61,54527.68,53953.24,51698.8,53483.56,65696.72
265,68413.86,55043.12,55274.07,55681.46,55121.32,58489.3636363636,61778.35,58628.79,52624.27,51899.84,54825.85,54309.11,51991.84,53670.79,65957.89
266,69066.38,55285.13,55626.34,55976.31,55499.7,58716.6464646465,62184.8,58898.06,52928.65,52137.73,55149.84,54579.39,52283.99,53979.92,66173.44
267,69581.8,55571.16,55899.23,56255.38,55907.51,58945.3737373737,62636.21,59260.57,53149.55,52381.48,55428.93,54817.57,52624.11,54314.84,66364.32
268,70114.47,55824.7,56264.11,56596.57,56186.14,59110.6565656566,63038.82,59464.64,53464.24,52654.28,55721.17,55159.26,52946.17,54532.39,66551.83
269,70849.56,56087.4,56727.81,56808.01,56430.73,59326.0707070707,63413.65,59789.54,53821.18,52946.95,56004.19,55513.88,53146.02,54856.18,66833.49
270,71409.75,56372.18,57068.02,57071.2,56798.03,59548.8383838384,63737.15,60105.27,54029.84,53260.61,56282.36,55849.59,53389.98,55172.34,67045.91
271,72031.15,56680.45,57325.22,57283.37,57146.14,59756.0202020202,64365.22,60302.76,54358.67,53541.45,56566.36,56140.48,53717.29,55422.52,67265.99
272,72457.13,56960.95,57686.84,57651.1,57582.49,60013.8181818182,64863.91,60578.37,54668.7,53784.76,56754.67,56390.32,53976.46,55723.89,67485.93
273,72971.88,57281.28,57975.16,57930.8,58029.15,60279.9595959596,65219.89,60940.3,54935.69,54102.52,57045.57,56682.07,54217.64,55946.4,67708.58
274,73649.32,57565.07,58291.11,58215.32,58507.42,60582.3434343434,65601.49,61248.27,55244.98,54322.28,57313.96,56940.91,54569.81,56188.91,68016.36
275,74192.69,57813.89,58602.03,58575.44,58783.06,60863.2929292929,66148.95,61504.23,55546.48,54633.49,57646.55,57280.18,54876.98,56502.34,68283.56
276,74665.82,58052.93,58933.48,58845.46,59123.95,61140.3838383838,66510.89,61923.74,55872.99,54934.36,57836.85,57539.96,55075.87,56782.61,68465.44
277,75084.77,58235.92,59313.89,59181.96,59403.49,61328.8686868687,66898.14,62207.74,56115.35,55202.97,58115.38,57883.19,55386.89,57109.84,68744.48
278,75601.68,58557.13,59665.8,59491.55,59786.12,61583.9898989899,67252.68,62450.78,56404.28,55553.22,58406.64,58125.44,55634.2,57340.41,69064.72
279,75970.61,58838.16,60044.81,59805.45,60206.33,61812.2626262626,67726.63,62700.64,56656.49,55777.23,58707.61,58388.94,56063.21,57599.35,69366.32
280,76627.93,59178.87,60346.75,60066.46,60682.89,62168.6060606061,68215.87,63027.18,57012.54,56128.61,58952.28,58636.24,56363.06,57865.29,69620.51
281,77173.55,59449.28,60863.08,60411.02,61097.61,62462.9494949495,68649.99,63276.01,57307.16,56392.82,59278.75,58950.57,56688.65,58079.94,69852.91
282,77637.21,59628.97,61167.61,60661.14,61345.44,62686.9898989899,69011.58,63511.88,57610.26,56734.08,59540.4,59241.03,56889.93,58293.16,70105.28
283,78243.64,59957.66,61498.1,61106,61683.05,62925.6666666667,69375.16,63817.43,57952.27,56961.91,59889.02,59572.52,57134.85,58562.61,70380.77
284,78876.9,60287.29,61992.07,61458.22,61983.14,63192.5252525253,69681.41,64096.24,58267.77,57238.69,60129.05,59890.13,57490.55,58839.6,70601.34
285,79442.48,60565.68,62463.44,61827.92,62444.27,63479.404040404,70242.09,64368.04,58578.22,57629.13,60475.81,60127.37,57795.77,59063.95,70855.33
286,80008.31,60835.71,62768.34,62281.17,62825.79,63784.7575757576,70850.67,64698.6,58881.85,57901.25,60798.63,60470.3,58128.22,59321.07,71076.29
287,80669.65,61195.93,63234.18,62545.33,63155.29,64044.5151515152,71375.89,64883.65,59142.58,58249.59,61111.8,60920.27,58387.05,59654.99,71367.55
288,81312.66,61418.28,63568.21,62947.17,63447.49,64318.2727272727,71899.4,65183.6,59418.39,58532.99,61398.81,61330.06,58652.64,59951.78,71571.6
289,81917.74,61689.09,64082.1,63243.92,63810.52,64554.9494949495,72302.55,65471.37,59763.8,58800.68,61639.28,61683.81,58943.83,60174.39,71792.66
290,82412.4,61925.51,64364.39,63523.75,64175.24,64724.6161616162,72817.06,65750.67,59972.65,59059.57,61947.96,62026.25,59222.72,60503.95,72060.05
291,82977.9,62216.78,64685.87,63784.61,64579.39,65017.0606060606,73160.06,66033.21,60285.76,59375.77,62222.22,62451.9,59495.65,60726.97,72328.99
292,83602.16,62483.73,64987.73,64115.47,64925.7,65266.6060606061,73669.62,66292.29,60479.64,59628.5,62434.11,62772.18,59782.62,61145.81,72545.03
293,84305.49,62715.74,65342.81,64442.24,65241.55,65489.8282828283,74149.24,66610.31,60711.59,59910.2,62748.22,63077.89,60070.63,61347.62,72765.59
294,84837.68,63028.94,65713.92,64856,65609.44,65730.8282828283,74678.13,66835.68,60995.52,60213.41,63064.91,63290.3,60268.6,61557.5,73014.71
295,85448.84,63309.75,66039.13,65192.34,65911.67,65960.8686868687,75094.19,67082.53,61231.03,60503.25,63519.6,63569.08,60566.74,61871.08,73214.64
296,86167.96,63647.24,66306.22,65578.02,66292.87,66212.7272727273,75633.27,67500.93,61554.39,60797.75,63865.46,63898.06,60824.3,62065.23,73415.44
297,86832.95,63937.15,66638.6,65828.39,66599.24,66460.8080808081,76022.83,67713.2,61837.96,61056.92,64126.06,64240.51,61161.96,62406.17,73664.17
298,87474.3,64249.64,66971.85,66193.52,66972.01,66716.5858585859,76269,68021.63,62134.2,61435.62,64383.84,64510.98,61524.06,62594.18,73912.87
299,88131.21,64489.23,67374.79,66450.13,67446.64,66975.5555555556,76791.19,68317.69,62473.24,61638.85,64676.65,64809.96,61835.84,62892.03,74095.77
300,89070.42,64756.11,67678.58,66726.56,67728.41,67158.8383838384,77174.98,68640.25,62881.11,61967.63,64928.66,65084.08,62137.89,63232.04,74310.14
301,89706.35,65081.6,68074.92,67026.55,68153.81,67339.8484848485,77713.93,68925.71,63210.56,62276.62,65164.47,65378.82,62385.8,63509.3,74554.15
302,90468.77,65436.35,68477.41,67372.71,68451.43,67616.0202020202,78386.16,69287.32,63522.54,62636.52,65498.89,65734.49,62691.64,63815.01,74827.12
303,91062.41,65747.35,68794.54,67758.46,68717.08,67856.7777777778,78926,69575.2,63822.4,62816.42,65757.26,66087.47,63027.02,64182.74,75155.37
304,91655.58,66034.59,69026.32,68036.44,69106.99,68171.8787878788,79388.15,69949.44,64097.55,63129.3,66010.01,66331.19,63382.06,64490.79,75425.94
305,92356.18,66354.85,69480.6,68370.87,69593.96,68380.3434343434,79804.68,70215.15,64325.37,63320.32,66284.06,66611.35,63679.88,64812.57,75657.66
306,93012.13,66563.42,70074.18,68670.26,69955.55,68637.0202020202,80291.54,70548.45,64565.2,63638.52,66522.8,66922.78,63998.85,65002.38,75870.58
307,93760.05,66833.42,70426.36,69007.74,70305.65,68828.9191919192,80981.32,70923.62,64795.57,63965.16,66779.84,67262.75,64341.47,65235.66,76139.36
308,94427.48,67112.32,70792.32,69299.47,70661.49,69060.5656565657,81662.64,71284.56,65088.35,64181.85,67024.2,67609.24,64615.23,65489.19,76426.2
309,95164.9,67374.01,71179.53,69664.81,71035.49,69394.101010101,82210.66,71603.96,65385.21,64400.72,67348.36,67947.49,64878.84,65790.71,76601.89
310,95757.8,67697.28,71551.81,70091.01,71393.34,69588.5151515152,82757.03,71917.47,65630.11,64663.4,67633.63,68255.66,65148.23,66073.04,76835.99
311,96371.29,67916.01,71964.84,70457.42,71834.95,69797.4848484848,83386.9,72223.56,65991.41,65012.11,67956.48,68516.2,65429.81,66338.23,77132.96
312,97072.97,68157.92,72331.98,70751.31,72304.25,70011.6565656566,83919.05,72473.76,66290.76,65341.83,68249.16,68892.31,65762.27,66588.92,77435.46
313,97644.69,68398.24,72715.21,71036.35,72680.72,70256.3333333333,84426.62,72715.02,66586.38,65643.62,68520.85,69229.94,66060.61,66777.3,77639.61
314,98419.5,68673.97,73081.83,71305.5,73071.14,70467.4141414141,84814.67,72931.71,66840.17,65891.91,68794.89,69481.8,66414.57,67038.15,77928.81
315,98889.39,68999.41,73393.34,71655.02,73440.86,70665.6565656566,85243.94,73339.98,67116.59,66118.29,69074.22,69832.67,66731.6,67320.2,78209.84
316,99467.63,69243.47,73811.27,71987.33,73760.86,70871.7272727273,85667.2,73639.03,67503.9,66347.38,69407.33,70120.62,67019.14,67558.96,78489.48
317,100153.37,69633.28,74228.49,72377.17,74015.99,71095.3333333333,86287.58,73987.82,67783.25,66659.93,69579.15,70420.8,67322.27,67836.29,78716.61
318,100911.65,69961.63,74586.34,72702.94,74324.38,71334.0101010101,86811.71,74273.82,68059.14,66917.87,69913.93,70784.43,67591.26,68084.71,78956.06
319,101522.78,70271.51,74961.26,72978.55,74683.62,71667.9292929293,87424.46,74557.67,68352.14,67215.16,70207.58,71076.28,67931.25,68349.01,79194.36
320,102197.54,70594.71,75293.2,73315.41,75087.59,71933.0808080808,88113.95,74904.8,68594.51,67538.68,70527.9,71409.88,68302.98,68585.97,79460.54
321,102859.88,70871.39,75663.41,73583.52,75504.45,72215.3838383838,88539.86,75182.83,68860.9,67799.31,70861.56,71722.19,68622.34,68828.68,79755.38
322,103539.59,71135,76114.77,73891.48,76055.42,72470.2525252525,89138.4,75516.64,69173.04,68140.39,71190.08,72063.37,68957.21,69234.75,79998.34
323,104410.75,71430.49,76557.1,74254.34,76519.01,72679.4545454545,89632.23,75852.62,69477.22,68464.58,71474.12,72364.52,69256.28,69588.38,80337.57
324,105323.09,71733.06,76930.71,74609.28,76858.49,72923.5151515152,90302.16,76237.61,69737.34,68821.94,71771.49,72686.75,69531.09,69819.67,80634.09
325,106081.15,72174.76,77268.94,74888.29,77277.71,73218.6464646465,90781.1,76580.77,70012.11,69186.21,72100.82,72928.85,69841.07,70074.95,80882.9
326,106979.1,72452.15,77763.93,75195.51,77627.84,73429.0505050505,91338.31,76864.08,70381.2,69473.33,72465.8,73294.4,70095.18,70488.54,81181.65
327,107672.67,72888.97,78260.54,75450.71,77974.42,73709.1616161616,91902.89,77177.95,70683.02,69792.14,72754.72,73632.47,70453.26,70698.89,81455.59
328,108550.02,73174.45,78678.71,75705.34,78329.4,73986.9898989899,92629.14,77408.57,70990.06,70224.25,73024.45,73971.51,70725.21,70884.9,81677.4
329,109320.43,73423.54,79110.01,76148.34,78716.98,74216.3838383838,93117.72,77724.88,71311.68,70591.22,73286.26,74276.85,71008.17,71144.37,81968.26
330,109879.88,73743.35,79554.7,76476.25,79098.91,74404.505050505,93716.84,78079.14,71583.58,70919.04,73577.81,74601.43,71291.43,71416.61,82184.91
331,110569.88,74040.78,80052.65,76868.74,79440.23,74700.0707070707,94370.84,78363.55,71919.62,71199.36,73919.98,74945.18,71559.96,71736.89,82439.52
332,111426.09,74395.84,80460.14,77127.01,79684.49,74919.3737373737,94938.03,78594.81,72202.46,71528.43,74162.36,75203.01,71886.54,71958.35,82641.24
333,111924.85,74745.27,80902.12,77464.09,80204.88,75166.5555555556,95603.07,78952.22,72417.32,71854.02,74456.77,75543.27,72105.6,72184.22,82945.58
334,112756.32,75096.75,81274.53,77775.7,80656.04,75368.1212121212,96033.52,79404.81,72782.5,72117.14,74697.29,75891.6,72406.65,72478.09,83233.87
335,113597.5,75420.19,81633.21,78040.64,81184.12,75621.6262626263,96504.35,79781.78,73070.7,72377.07,74971.32,76174.22,72729.16,72728.3,83428.27
336,114263.68,75589.76,82072.95,78351.84,81570.08,75884.6363636364,97009.63,80113.89,73464.86,72725.21,75264.56,76547.72,73139.27,72953.13,83616.34
337,114945.84,75828.98,82487.7,78681.1,81920.25,76152.0909090909,97549.9,80557.57,73791.79,73029.02,75533.7,76834.86,73481.7,73191.7,83850.74
338,115669.29,76079.96,82882.65,78972.41,82199.41,76374.303030303,98288.5,80919.38,74105.55,73406.29,75849.93,77147.26,73731.23,73451.89,84132.94
339,116243.17,76415.43,83229.27,79395.11,82586.15,76530.4242424242,98924.65,81269.2,74378.21,73666.02,76156.93,77480.21,74034.82,73693.62,84304.11
340,116920.09,76743.42,83737.06,79789.27,82987.41,76815.5858585859,99389.09,81601.19,74648.58,73930.05,76497.49,77799.45,74312.86,73941.74,84567.52
341,117475.78,77051.76,84080.76,80173.6,83291.91,77025.8484848485,100018.32,81970.53,74884.64,74230.6,76734.2,78045.7,74656.74,74172.41,84859.23
342,117975.97,77344.53,84395.34,80588.85,83703.58,77237.101010101,100844.18,82311.02,75254.5,74530.55,77112.2,78361.81,74980.24,74462.18,85096.63
343,118598.97,77584.75,84904.06,80877.9,84091.27,77538.4444444444,101481.9,82710.1,75644.69,74982.31,77371.28,78727.31,75299.31,74824.39,85375.81
344,119586.4,77954.11,85255.75,81309.96,84431.56,77758.7676767677,102333.47,83124.59,76025.88,75269.57,77713.92,79035.6,75608.07,75159.72,85653.2
345,120295.2,78403.2,85568.69,81641.13,84819.82,78018.2424242424,103023.67,83458.05,76333.94,75631.22,78052.27,79356.94,75830.64,75421.8,85809.99
346,121070.05,78776.53,86110.16,82002.62,85236.02,78285.3333333333,103631.92,83752.84,76576.49,75898.62,78441.9,79716.25,76068.18,75669.14,86132.15
347,121913.02,79129.86,86557.73,82424.19,85560.38,78577.8585858586,104011.95,84017.83,76909.07,76111.04,78657.17,80102.93,76365.84,75912.98,86382.13
348,122606.65,79486.61,86862.78,82664.96,86120.49,78828.2222222222,104624.48,84515.69,77219.42,76379.45,78935.61,80513.97,76718.46,76252.7,86659.72
349,123343.33,79794.84,87235.94,83011.61,86614.81,79013.1919191919,105156.06,84939.59,77589.19,76749.44,79173.58,80850.43,77015.44,76529.06,86911.27
350,124242.3,80038.8,87624.82,83465.64,87037.58,79211.7575757576,105584.07,85295.72,77878.81,77134.16,79376.57,81180.88,77275.3,76798.35,87172.08
351,125056.79,80350.75,88013.11,83811.15,87454.57,79488.5151515152,106444.01,85552.03,78171.89,77358.8,79680.48,81472.87,77660.46,77143.2,87436.92
352,125633.5,80548.55,88503.48,84091.74,87900.33,79794.8181818182,107096.81,85967.6,78387.73,77637.05,79938.45,81844.39,78056.54,77334.11,87696.65
353,126307.66,80882.24,88894.15,84364.16,88384.18,80073.2626262626,107636.89,86298.4,78645.62,77966.8,80230.4,82242.12,78365.28,77514.87,87962.32
354,127075.22,81242.12,89217.2,84722.54,88891.65,80253.6767676768,108296.74,86625.88,79003.43,78232.88,80477.93,82545,78675.69,77823.08,88203.24
355,127811.46,81615.06,89576.95,85012.73,89256.27,80448.5353535353,108916.9,86977.47,79243.82,78560.67,80939.78,82809.25,79015.27,78074.54,88442.12
356,128787.54,81832.39,89971.27,85288.21,89658.53,80675.3232323232,109532.18,87339.09,79530.69,78816.3,81261.33,83124.39,79300.65,78323.28,88630.71
357,129453.6,82234.34,90504.25,85601.54,90104.44,80944.8080808081,110341.36,87734.91,79751.81,79072.57,81568.32,83530.55,79619.43,78654.52,88861.04
358,130022.34,82513.11,90887.11,86050.94,90432.95,81207.2929292929,110878,88119.07,80072.95,79487.1,81829.57,83800.33,80015.24,78968.88,89102.3
359,130962.81,82840.67,91330.21,86389.2,90917.7,81419.8686868687,111645.3,88426.59,80400.47,79778.92,82145.4,84125.91,80343.59,79196.46,89316.45
360,131833.39,83184.75,91711.89,86730.94,91296.53,81686.4646464647,112202.62,88781.46,80706.68,80127.44,82403.15,84427.03,80694.24,79541.54,89597.56
361,132817.86,83556.86,92172.38,87134.22,91838.43,81950.4848484848,112784.14,89129.9,80958.99,80428.65,82751.87,84769.63,81025.44,79796,89869.24
362,133787.67,83887.98,92534.38,87390.33,92243.84,82191.5757575758,113528.41,89373.1,81298.04,80691.15,83050.44,85047.01,81328.02,80014.68,90074.47
363,134474.7,84191.85,92912.6,87725.77,92619.58,82408.4444444444,114107.64,89727.83,81632.01,81016.61,83313.98,85375.78,81597.45,80256.97,90259.2
364,135251.05,84472.31,93487.78,88111.93,92965.54,82655.5858585859,114743.99,90096.92,81926.67,81280.96,83630.74,85693.58,81869.67,80590.06,90514.04
365,135783.54,84770.02,93862.98,88379.59,93297.04,82933.9797979798,115469.14,90440.87,82174.04,81654.21,84005.06,86024.9,82203.92,80818.45,90724.21
366,136730.71,85069.57,94241.64,88713.11,93709.33,83183.1919191919,115989.44,90687.79,82434.49,81948.71,84236.09,86384.64,82532.42,81083.4,90943.65
367,137536.25,85512.38,94724.16,89033.36,94060.5,83442.5151515152,116819.61,90932.69,82753.19,82325.49,84523,86603.57,82879.96,81357.35,91168.8
368,138414.93,85891.17,95111.65,89367.81,94447.47,83709.2222222222,117484.54,91215.05,83010.09,82693.65,84845.49,86996.85,83124.72,81563.07,91505.03
369,139269.85,86326.64,95629.63,89769.32,94793.75,83963.0303030303,118137.43,91584.78,83321.99,83029.09,85187.04,87416.72,83388.26,81883.61,91770.93
370,140212.29,86657.33,96154.92,90208.17,95244.64,84247.7676767677,118823.73,92067.5,83580.44,83390.74,85435.79,87677.4,83674.06,82129.26,91964.97
371,140913.88,86943.88,96650.71,90452.25,95625.15,84503.9595959596,119385.43,92395.36,83874.06,83677.34,85726.01,87951.75,83934.91,82391.16,92175.64
372,141516.78,87170.86,97022.74,90843.77,96143.49,84808.5858585859,120157.91,92797.9,84280.56,83956.19,86008.16,88166.49,84194.36,82692.65,92407.61
373,142323.83,87446.98,97545.88,91096.61,96667.75,85039.0505050505,121157.46,93078.34,84623.62,84241.32,86348,88403.12,84482.38,82966.52,92717.38
374,143226.74,87740.75,98038.96,91565.26,97172.02,85240.7777777778,121688.76,93429.32,84878.51,84576.19,86708.91,88781.13,84772.44,83157.58,92977.91
375,143876.84,88153.13,98386.73,91991.03,97592.32,85527.2828282828,122487.3,93696.28,85089.31,84896.39,87009.91,89236.85,85052.27,83401.41,93205.99
376,145020.87,88597.71,98904.45,92463.38,98002.71,85775.5656565657,123231.3,93981.91,85425.1,85140.2,87363.64,89566.27,85401.95,83714.81,93449.17
377,145767.43,88915.83,99247.09,92856.85,98435.97,86020.5555555556,123901.39,94344.68,85699.48,85384.26,87624.48,89925.7,85586.87,84010.14,93709.98
378,146619.31,89194.71,99762.72,93137.26,98843.82,86308.5858585859,124821.47,94672.23,86056.86,85698.58,87966.07,90248.59,85825.77,84306.46,94001.46
379,147538.92,89536.9,100246.18,93460.76,99226.06,86612.0202020202,125512.7,95087.23,86303.76,86009.42,88253.12,90570.21,86088.35,84608.64,94257.84
380,148635.51,89912.75,100664.43,93750.03,99653.37,86855.6060606061,126249.24,95498.83,86669.49,86306.76,88546.68,90966.08,86379.55,84889.06,94499.75
381,149353.48,90230.6,101090.68,94000.1,100109.77,87049.4646464647,126933.79,95963.94,86843.46,86709.95,88843.25,91410.45,86773.27,85089.25,94792.17
382,150196.16,90584.32,101675.51,94447.27,100522.72,87263.9898989899,127586.34,96387.09,87181.26,87035.26,89114.56,91706.5,87051.11,85311.33,95066.49
383,151017.28,90866.94,102046.43,94729.99,100962.69,87565.6060606061,128258.65,96827.86,87465.92,87366.34,89356.63,92039.79,87375.87,85651.32,95326.75
384,151759.89,91256.73,102437.33,95139.24,101413.68,87803.4545454545,129172.55,97237.42,87763.94,87679.31,89687.8,92404.74,87734.84,85930.53,95532.45
385,152446.25,91557.76,102927.62,95560.35,102018.79,88076.6464646465,130029.9,97633.5,87991.59,87962.92,89958.69,92866.7,88063.4,86211.61,95733.46
386,153209.4,91934.14,103350.67,95964.45,102493.15,88252.0303030303,130770.61,97931.95,88284.65,88282.65,90145.14,93153.87,88324.91,86459.98,95896
387,154047.29,92231.8,103664.67,96284.88,102978.24,88507.9797979798,131559.65,98219.64,88547.62,88616.26,90453.89,93502.02,88695.41,86744.27,96153.79
388,154987.83,92583.39,104143.61,96643.24,103519.98,88681.5757575758,132366.3,98578.32,88823.69,88879.28,90706.56,93701.74,88949.63,87072.74,96424.26
389,155753.99,92947.43,104580.51,96963.68,103999.87,88904.9494949495,133049.95,98894.54,89231.91,89254.1,90951.27,94090,89273.99,87341.85,96663.84
390,156439.46,93351.06,104995.43,97325.2,104480.22,89134.0707070707,133667.02,99317.33,89523.25,89570.84,91220.71,94409.52,89487.17,87588.28,96856.07
391,157290.48,93621.62,105405.12,97576.8,104963.69,89373.4646464647,134218.11,99709.27,89848.92,89813.61,91555.57,94713.54,89842.9,87809.27,97105.07
392,158237.73,93936.16,105995.8,97868.66,105364.8,89573.7575757576,134926.31,100061.47,90198.25,90135.32,91892.38,95117.01,90107.03,88108.22,97309.02
393,159094.2,94290.96,106414.02,98173.88,105756.49,89845.9797979798,135800.84,100416.43,90542.29,90435.59,92200.11,95485.9,90339.34,88356.41,97542.14
394,160144.35,94665.99,106997.98,98514.76,106200.78,90093.8888888889,136499.2,100704.01,90823.62,90681.57,92474.81,95787.69,90632.45,88649.03,97790.22
395,161101.34,95051.01,107577.42,98942.69,106688.36,90388.8181818182,136978.93,101003.01,91153.2,90949.16,92730.62,96061.08,90970.86,88894.87,97966.75
396,162007.57,95431.89,108011.75,99220.81,107057.12,90686.1111111111,137776.64,101427.35,91436.56,91254.09,93013.26,96317.08,91219.22,89059.53,98152.74
397,163008.76,95729.68,108490.8,99673.68,107431.48,90924.0909090909,138332.38,101724.63,91770.23,91552.39,93279.49,96631.56,91508.55,89379.1,98355.78
398,163720.67,96233.14,109044.21,100003.83,107842.38,91205.9191919192,138994.09,102075.35,92156.63,91897.01,93597.82,96964.89,91833.61,89676.97,98603.76
399,164559.92,96540.79,109520.13,100306.73,108276.65,91498.9494949495,139807.34,102394.81,92533.53,92293.89,93949.78,97309.87,92178.74,89936.65,98798.08
400,165366.75,96896.06,109928.68,100789.72,108801.13,91673.0404040404,140574.63,102624.88,92777.29,92643.48,94220.24,97601.68,92528.04,90183.51,99107.57
401,166087.99,97161.05,110452.13,101175.2,109280.4,91949.8484848485,141398.99,103083.85,93044.26,92930.22,94548.04,97897.18,92931.12,90539.1,99386.25
402,167351.6,97561.2,111096.75,101517.2,109813.36,92175.0505050505,142197.15,103341.91,93323.6,93197.17,94856.63,98188.68,93218.01,90762.22,99630.38
403,168311.73,97903.3,111527.5,101854.76,110277.46,92387.2121212121,142963.27,103805.58,93609.66,93516.69,95120.6,98493.12,93580.77,91025.86,99912.48
404,168915.93,98340.76,111993.96,102270.94,110737.59,92604.8282828283,143498.87,104140.92,93932.65,93787.19,95353.33,98838.66,93799.66,91256.37,100164.35
405,169927.66,98680.05,112385.39,102572.3,111070.41,92791.1919191919,144093.04,104419.68,94216.69,94075.28,95640.11,99178.77,94095.41,91514.27,100427.49
406,170935.43,99023.57,112791.86,102946.22,111542.42,92998.6565656566,144949.72,104704.46,94576.33,94293.98,95952.2,99523.62,94416.35,91713.46,100738.61
407,171827.5,99423.86,113147.52,103360.07,111988.98,93238.8888888889,145772.47,105022.11,94835.29,94651.13,96235.61,99849.43,94702.15,91926.04,101054.01
408,172833.49,99736.54,113696.63,103800.16,112479.13,93486.7474747475,146334.24,105506.43,95080.09,94990.9,96546.26,100154.77,95017.63,92151.82,101370.34
409,173836.73,100063.96,114245.13,104132.5,112972.39,93664.4141414141,147309.3,105878.94,95411.63,95269.67,96866.77,100459.61,95289.59,92372.57,101634.55
410,174745.13,100417.82,114734.28,104531.09,113647.54,93916.9494949495,147836.37,106237.06,95770.46,95508.61,97152.08,100806.06,95645.34,92605.03,101841.82
411,175462.93,100802.36,115191.12,104937.36,114157.01,94126.6363636364,148422.11,106604.87,96039.38,95812.23,97551.56,101208.5,95951.21,92897.37,102092.15
412,176432.62,101207.6,115660.04,105398.52,114621.86,94405.0404040404,148875.05,107048.62,96285.42,96064.18,97942.69,101601.89,96268.36,93143.83,102414.38
413,177367.17,101661.89,116272.67,105882.61,115040.55,94644.8080808081,149641.76,107375.66,96549.16,96447.86,98181.4,101912.4,96497.88,93456.42,102678.01
414,178607.1,101934.22,116754.45,106307.69,115446.92,94835.2626262626,150272.31,107720.03,96853.36,96683.82,98561.04,102332.52,96774.73,93703.44,102859.26
415,179620.13,102227.12,117184.83,106654.39,115908.91,95178.0808080808,151287.82,108064.02,97186.85,97007.44,98807.02,102684.82,97104.87,94003.45,103050.85
416,180277.18,102649.75,117669.51,107040.54,116467.43,95467.2323232323,152123.25,108368.38,97489.31,97228.73,99058.81,102981.73,97415.03,94253.79,103266.15
417,181395.23,103091.02,118113.07,107497.3,117009.3,95791.0808080808,152822.02,108662.73,97860.69,97576.86,99305.07,103288.51,97628.65,94473.15,103539.79
418,182502.84,103450.92,118517.35,107873.5,117466.03,95983.0303030303,153863.69,109088.31,98164.84,97896.13,99592.21,103621.12,98023.98,94715.77,103719.34
419,183368.32,103781.86,118941.11,108337.04,118041.33,96272.2626262626,154938.54,109633.92,98496.24,98246.25,99891.67,103917.42,98381.63,94990.38,103956.42
420,184418.26,104135.34,119337.3,108895.82,118499.26,96533.3838383838,155636.59,109893.19,98830.58,98637.91,100208.22,104201.85,98661.03,95240.85,104177.28
421,185690,104515.71,119827.73,109366.99,119059.6,96784.0303030303,156387.79,110320.6,99265.7,99093.68,100456.25,104517.55,98938.53,95524.17,104443.93
422,186710,104845.32,120296.06,109706.35,119558.29,97045.6565656566,157163.06,110617.19,99560.98,99389.37,100742.18,104998.18,99251.13,95834.87,104713.24
423,187708.07,105229.95,120831.98,110138.9,119938.3,97299.0707070707,157992.28,111088.94,99858.17,99647.25,100999.36,105388.54,99553.08,96115.44,104904.6
424,188398.49,105551.44,121267.55,110534.8,120464.6,97603.1313131313,158644.44,111409.81,100128.55,99857.2,101201.98,105691.37,99937.42,96427.02,105084.19
425,189629.35,105854.98,121852.29,110901.74,120924.77,97857.7676767677,159291.34,111744.25,100489.04,100181.35,101522.05,105947.17,100200.09,96689.91,105262.73
426,190584.37,106395.12,122351.03,111263.25,121371.68,98093.6868686869,159968.41,112127.03,100859.71,100451.07,101777.89,106366.71,100500.75,96943.46,105504.48
427,191308.07,106781.95,122817.49,111557.2,121842.79,98328.9191919192,160862.36,112563.27,101197.6,100782.4,102082.52,106742.25,100796.28,97166.04,105772.48
428,192215.44,107071.16,123386.42,112026.31,122356.72,98565.7575757576,161505.37,113079.71,101512.85,101161.14,102340.53,107099.12,101181.73,97368.35,106025.86
429,193066.87,107507.19,123836.22,112331.62,122664.9,98841.0808080808,162254.5,113614.62,101862.93,101491.98,102651.31,107378.66,101447.17,97613.4,106246.21
430,193916.77,107916.32,124357.76,112826.5,123300.49,99058.8080808081,163068.83,113965.84,102180.04,101834.33,102899.04,107690.79,101802.2,97927.91,106592.7
431,194689.8,108211.4,124959.36,113302.72,123755.46,99365.505050505,164099.74,114441.26,102512.61,102219.01,103187.67,108148.47,102109.23,98239.49,106863.33
432,195477.77,108510.24,125564.22,113607.35,124159.56,99591.4444444444,164862.51,114860.04,102926.89,102504.92,103503.28,108394,102352.63,98452.88,107130.88
433,196673.91,108823.4,126148.75,113974.43,124621.2,99863.4242424242,165706.69,115306.48,103308.53,102802.93,103871.31,108669.59,102628.45,98719.63,107391.84
434,197673.59,109184.32,126696.2,114309.18,125264.69,100119.242424242,166509.59,115756.36,103600.75,103111.02,104053.98,109021.69,102930.05,99077.22,107627.79
435,198530.35,109559.92,127111.97,114708.73,125572.6,100290.313131313,167371.6,116056.98,103898.9,103410.02,104394.19,109281.48,103223.02,99369.29,107882.72
436,199203.46,109910.75,127726.08,115173.24,126114.23,100582.121212121,168084.57,116395.56,104184.17,103628.9,104596.04,109669.24,103477.76,99620.71,108117.2
437,200472.94,110242.43,128369.21,115456.24,126603.76,100918.96969697,169067.82,116772.72,104460.86,103959.03,104864.49,110042.66,103844.63,99811.36,108374.42
438,201486.66,110610.7,128872.85,115914.14,127002.73,101125.282828283,169780.73,117286.88,104830,104225.9,105109.96,110408.71,104199.36,100062.23,108622.08
439,202163.06,111002.55,129361.29,116285.87,127440.02,101404.323232323,170625.78,117766.51,105152.9,104466.04,105312.31,110753.99,104527.73,100326.53,108900.01
440,203046.99,111364.42,129773.11,116681.09,127954.79,101577.828282828,171619.67,118134.66,105544.16,104785.45,105609.26,111043.51,104793.12,100719.78,109172.04
441,203839.96,111796.4,130269.48,117091.56,128294.36,101732.868686869,172280.15,118503.49,105855.45,105139.33,105893.02,111427.07,105088.52,100996.83,109387.48
442,204876.44,112210.72,130854.12,117538,128771.88,101950.01010101,173155.15,118851.76,106165.06,105467.46,106131.32,111772.37,105450.93,101236.85,109579.77
443,205686.83,112585.25,131344.11,117898.11,129249.6,102200.222222222,174063.75,119203.78,106505.98,105727.79,106440.51,112151.6,105814,101500.92,109847.3
444,206990.86,112953.7,131771.31,118291.97,129633.8,102410.444444444,174945.49,119610.42,106755.99,106047.26,106786.1,112470.35,106111.43,101833.37,110050.34
445,208215.65,113303.59,132190.25,118649.97,130166.1,102661.242424242,175644.03,120037.59,107074.41,106337.81,107177.29,112888.94,106435.25,102092.64,110324.78
446,209374.9,113596.71,132870.71,119084.43,130680.74,102925.727272727,176502.12,120487.84,107409.2,106551.59,107543.44,113273.93,106744.2,102355.52,110542.29
447,210858.75,114033.9,133588.94,119441.07,131182.1,103154.373737374,177176.28,120925.69,107735.15,106859.8,107800.26,113569.36,107052.5,102657.57,110775.11
448,212003.98,114392.41,134226.47,119780.64,131670.15,103378.707070707,177891.9,121380.58,107982.89,107157.14,108154.52,113891.01,107419.59,103030.86,111068.84
449,213200.18,114874.79,134686.94,120216.2,132135.6,103588.646464646,178987.85,121830.36,108302.08,107555.2,108418.35,114214.27,107730.09,103238.84,111271.09
450,214326.96,115302.23,135178.59,120616.55,132855.48,103809.444444444,180176.92,122150.54,108716.17,107872.58,108701.7,114509.69,108036.8,103531.67,111456.21
451,215713.91,115721.02,135706.16,121032.59,133514,104012.343434343,181062.84,122422.42,108983.83,108120.9,108991.58,114849.83,108354.86,103737.23,111723.65
452,217117.7,116156.29,136171.48,121386.81,134163.93,104278.04040404,181869.48,122778.4,109210.33,108450.07,109312.51,115166.22,108622.54,104038.46,111932.39
453,217931.85,116561.22,136715.76,121661.37,134584.23,104637.818181818,182952.94,123218.08,109540.75,108674.51,109586.58,115442.85,108898.01,104249.9,112161.16
454,219074.44,116903.44,137220.57,122067.02,134995.99,104882.676767677,184008.11,123641.66,109790.34,108927.02,109826.14,115854.52,109332.1,104439.96,112388.92
455,219809.58,117301.75,137616.43,122464.96,135531.65,105110.535353535,184783.83,123986.58,110100.8,109202.25,110005.88,116131.14,109609.22,104680.6,112676.73
456,221383.17,117751.1,138239.91,122806.69,136050.37,105421.626262626,185591.75,124284,110447.08,109529.75,110329.17,116548.9,109932.32,104992.35,112899.23
457,222388.11,118185.17,138887.76,123338.43,136634.01,105678.676767677,186688.05,124687.37,110793.5,109844.19,110565.63,116876.64,110255.76,105276.27,113135.55
458,223544.6,118616.14,139468.81,123696.3,137203.91,105872.545454545,187682.74,125273.97,111239.67,110154.44,110876.7,117150.5,110560.22,105464.98,113375.25
459,225242.93,119089.2,139962.23,124146.98,137772.77,106102.111111111,188797.11,125653.46,111540.35,110566.58,111085.27,117552.24,110928.89,105790.26,113615.15
460,226027.91,119463.22,140474.6,124549.22,138435.43,106371.242424242,189528.39,125960.73,111824.12,110869.02,111379.75,117939.59,111232.16,105992.54,113886.31
461,227310.42,119831.7,140857.53,124925.98,138939.22,106601.585858586,190275.32,126460.41,112181.65,111267.46,111695.79,118430.92,111535.07,106286.92,114125.38
462,228434.96,120196.04,141392.69,125463.47,139714.64,106942.95959596,191327.33,126876.97,112638.75,111574.94,112013.26,118715.77,111861.5,106592.62,114357.26
463,229629.51,120594.49,141999.74,125741.32,140138.07,107200.676767677,192377.49,127276.42,113067.32,111907.58,112275.18,119151.31,112140.77,106815.05,114560.68
464,230770.57,121057.29,142573.96,126157.98,140655.18,107426.101010101,192940.88,127681.81,113375.03,112271.11,112524.89,119426.96,112469.2,107128.2,114892.8
465,232302.27,121482.05,143030.8,126530.77,141126.23,107687.797979798,193860,128109.87,113572.66,112616.72,112745.86,119790.24,112762.67,107354.13,115157.65
466,233197.32,121905.76,143656.09,127017.81,141748.54,107961.01010101,194848.97,128511.14,113940.08,112881.92,113083.05,120133.74,113040.02,107704.72,115352.23
467,234709.89,122418.33,144013.38,127508.71,142140.26,108220.535353535,195485.86,128882.86,114338.34,113142.61,113296.59,120386.34,113418.99,107954.88,115574.69
468,236021.19,122876.4,144735.46,128048.9,142675.55,108424.333333333,196532.59,129213.81,114692.68,113432.29,113588.43,120679.49,113733.53,108163.3,115883.86
469,237211.03,123309.85,145398.03,128552.96,143149.29,108742.737373737,197338.61,129620.92,114964.09,113743.06,113830.7,121083.2,114031.9,108420.38,116076.09
470,238651.07,123653.35,146000.86,128892.4,143840.41,108904.292929293,198036.71,129953.74,115252.27,114057.11,114138.13,121423.72,114461.26,108752.19,116337.53
471,239916.76,124187.15,146604.52,129387.33,144280.07,109177.777777778,199007.84,130425.98,115692.14,114326.34,114451.35,121860.27,114723.7,109040.41,116599.6
472,241339.11,124582.08,147117.82,129867.9,144712.12,109427.454545455,199691.64,130855.49,115999.76,114676.26,114772.83,122251.4,115151.51,109319.21,116930.8
473,242774.66,125093,147604.52,130167.04,145305.84,109627.96969697,200749.7,131432.05,116410.73,114912.84,115056.33,122581.16,115527.47,109554.28,117128.03
474,243928.92,125435.02,147975.52,130627.57,145791.84,109918.333333333,201734.09,131911.54,116680.2,115121.9,115400.7,122976.24,115855.04,109870.47,117304.69
475,244934.5,125831.8,148730.13,131209.11,146426.58,110180.272727273,202686.52,132371.06,117052.45,115449.56,115762.03,123342.05,116203.23,110090.66,117541.16
476,246076.71,126368.84,149151.8,131587.08,147016.76,110379.696969697,203392.38,132836.43,117374.9,115756.88,116014.18,123690.52,116421.52,110367.15,117770.13
477,247372.96,126884.82,149618.05,132098.23,147625.22,110588.353535354,204073.72,133238.66,117698.21,116145.01,116310.43,123896.71,116678.76,110665.44,118096.75
478,248316.77,127276.42,150242.42,132508.01,148392.7,110879.454545455,205159.06,133553.73,118109.92,116462.75,116611.17,124196.41,117035.2,110931.98,118361.77
479,249613.68,127687.07,150860.38,133094.55,148815.35,111052.272727273,206223.26,134046.63,118538.15,116824.68,116909.89,124520.11,117318.27,111065.82,118627.26
480,251054.66,127997.37,151551.35,133584.73,149341.01,111278.858585859,207272.06,134443.58,118862.75,117118.96,117233.34,124848.26,117664.8,111272.86,118933.17
481,252098.24,128422.71,152018.78,134112.74,149784.35,111507.96969697,208314.01,134927.89,119125.05,117534.97,117505.9,125167.69,117896.91,111494.68,119185.71
482,253078.61,128918.81,152531.19,134589.76,150215.19,111787.717171717,209529.71,135384.88,119463.32,117850.09,117769.5,125444.13,118183.71,111718.6,119462.09
483,254543.23,129272.15,152932.66,135111.54,150897.06,112051.545454545,210462.56,135827.69,119734.52,118209.62,118012.73,125815.67,118597.33,112062.93,119675.28
484,256155.66,129813.5,153512.44,135543.68,151314.43,112289.151515152,211672.37,136158.98,120058.64,118611.25,118306.45,126205.03,119005.6,112301.66,119906.55
485,257636.87,130192.85,154141.01,135925.95,151784.54,112556.535353535,212682,136421.58,120273.94,118831.21,118637.07,126520.75,119329.22,112536.91,120143.01
486,258880.9,130566.33,154682.35,136264.44,152359.63,112760.868686869,213695.09,136767.63,120516.47,119231.03,118906.85,126912.03,119588.28,112813.64,120438.29
487,260015.97,130966,155304.46,136781.35,152871.67,112974.686868687,214914.39,137283.5,120737.1,119568.74,119146.54,127295.52,119856.8,113095.12,120695.85
488,261392.21,131545.77,155690.19,137219.72,153544.48,113219.363636364,216123.69,137713.35,121013.85,119891.47,119444.8,127663.51,120341.93,113319.11,120935.26
489,262756.31,132070.14,156164.29,137671.53,154094.85,113545.707070707,217272.22,138142.98,121361.48,120179.94,119754.56,128029.97,120595.27,113527.55,121203.52
490,263836.12,132527.21,156559.97,138104.19,154791.57,113810.919191919,218492.09,138541.24,121646.54,120509.1,120136.31,128308.37,120870.52,113769.05,121423.44
491,265040.37,132972.25,157214.91,138489.67,155439.98,114032.090909091,219314.81,138975.13,122019.12,120830.1,120523.17,128716.79,121205.68,114032.37,121706.41
492,266340.77,133353.82,157764.44,138751.96,155999.69,114289.787878788,220333.72,139364.95,122360,121128.07,120847.87,129132.82,121432.84,114357.99,122013.53
493,267594.8,133917.34,158564.11,139195.49,156614.89,114567.878787879,221474.14,139820.24,122666.44,121530.89,121166.23,129592.32,121694.93,114651.3,122247.07
494,268675.26,134249.79,159072.57,139622.05,157218.54,114825.252525253,222538.55,140248.75,122992.78,121840.14,121539.48,129991.4,122017.87,114829.69,122541.47
495,269808.58,134557.12,159765.94,140171.62,157940.78,115104.181818182,223517.65,140626.71,123351.06,122127.78,121825.03,130366.05,122319.41,115082.18,122837.49
496,271312.81,134996,160273.78,140709.85,158626.4,115275.050505051,224482.71,141015.83,123597.81,122436.25,122192.67,130755.61,122640.98,115306.68,123059.67
497,272638.54,135565.85,160854.54,141183.99,159138.08,115500.555555556,225753.85,141430.33,123905.91,122836.6,122464.72,131081.48,122902.72,115508.87,123315.44
498,274181.12,135861.25,161432.78,141608.81,159731.2,115764.04040404,226812.42,141979.49,124223.72,123142.82,122806.41,131391.37,123196.49,115761.57,123633.45
499,275664.16,136390.27,162043.91,142044.58,160243.34,116016.383838384,227781.06,142452.99,124532.9,123422.7,123025.08,131842.99,123494.87,116097.75,123900.5
500,276946.73,136739.71,162690.48,142451.42,160845.9,116228.252525253,229208.12,142917.78,124876.36,123706.51,123303.75,132052.21,123815.04,116309.35,124141.59
