target,(1+2) EA_{r/2,2r},(1+2) EA_BMS,(1+2) EA_half,(1+2) EA_norm.,(1+2) EA_var.,(1+50) EA_{r/2,2r},(1+50) EA_>0,(1+50) EA_BMS,(1+50) EA_half,(1+50) EA_L1,(1+50) EA_L3,(1+50) EA_norm.,(1+50) EA_var.,RLS
443,1,1,1,1,1,1,1,1,1,1,1,1,1,1
444,1,1,1,1,1,1,1,1.03,1,1,1,1,1,1
445,1,1,1,1,1,1,1,1.1,1,1,1,1,1,1
446,1,1,1,1,1,1,1,1.53,1,1,1,1,1,1
447,1,1,1,1,1,1,1,1.66,1,1,1,1,1,1
448,1,1,1,1.03,1,1,1,2.04,1,1,1,1,1,1
449,1,1,1,1.09,1,1,1,2.04,1,1,1,1,1,1
450,1,1,1,1.09,1,1,1,2.22,1,1,1,1,1,1
451,1,1,1,1.15,1,1,1,2.51,1,1,1,1.01,1,1
452,1,1,1,1.17,1,1,1,2.53,1,1,1,1.12,1,1
453,1,1,1,1.18,1,1,1,2.54,1,1,1,1.52,1,1
454,1,1,1,1.19,1,1,1,2.99,1,1,1,1.52,1,1
455,1,1,1,1.25,1,1,1,2.99,1,1,1,1.71,1,1
456,1,1,1,1.27,1,1,1,3.03,1,1,1,1.71,1,1
457,1,1,1,1.29,1,1.02,1,3.04,1,1,1,2.01,1,1
458,1,1,1,1.3,1,1.12,1,3.28,1,1,1,2.1,1,1
459,1,1,1,1.31,1,1.31,1,3.64,1,1,1,2.1,1,1
460,1,1,1,1.31,1,1.31,1,3.64,1,1,1,2.1,1,1
461,1,1,1,1.31,1,1.51,1,4.53,1.01,1.03,1,2.15,1,1
462,1,1,1,1.35,1,1.51,1,4.54,1.29,1.28,1,2.34,1,1
463,1,1,1,1.35,1,1.51,1.02,4.94,1.33,1.53,1,2.52,1,1
464,1,1,1,1.38,1,1.51,1.06,5.08,1.51,1.54,1,2.52,1,1
465,1,1.01,1,1.38,1.03,1.83,1.51,5.62,1.6,2.27,1.02,2.52,1,1
466,1,1.04,1,1.38,1.06,1.83,1.58,5.64,1.6,2.52,1.28,2.52,1,1
467,1,1.1,1.05,1.38,1.07,1.83,1.58,6.03,2.02,2.85,1.53,2.6,1,1
468,1,1.15,1.08,1.39,1.1,2.01,2.02,6.05,2.02,3.4,1.54,3,1.02,1
469,1,1.23,1.13,1.39,1.13,2.01,2.03,6.58,2.04,4.72,2.09,3.53,1.25,1
470,1,1.28,1.15,1.42,1.2,2.03,2.62,6.69,2.52,5.12,2.09,3.53,1.51,1.01
471,1.01,1.31,1.16,1.46,1.21,2.04,3.06,7.21,3.03,5.4,2.31,3.64,1.55,1.04
472,1.04,1.35,1.21,1.49,1.39,2.42,3.27,7.64,3.04,7.84,2.64,3.92,1.59,1.12
473,1.09,1.43,1.28,1.56,1.41,3.12,4.13,7.75,3.76,8.56,2.88,4.24,1.76,1.25
474,1.16,1.6,1.32,1.59,1.49,3.45,5.11,8.04,3.84,9.27,3.47,5.48,3.4,1.35
475,1.24,1.83,1.38,1.72,1.61,3.69,6.25,8.9,4.29,10.34,4.13,6.37,3.63,1.44
476,1.32,2.01,1.57,1.77,1.72,4.1,7.13,9.67,4.7,12.58,4.79,7.11,4.12,1.57
477,1.44,2.19,1.62,1.82,1.87,5.38,7.73,10.69,4.89,14.69,5.35,8.42,4.65,1.75
478,1.52,2.45,1.74,1.88,2.04,5.93,8.51,11.98,6.14,16.16,6.04,9.14,5.22,1.89
479,1.56,2.62,1.86,2.07,2.19,6.57,9.38,12.75,7.64,17.63,7.82,11.13,6.49,2.07
480,1.66,2.95,2.08,2.17,2.46,7.11,10.07,13.51,8.7,20.86,9.22,11.48,8.35,2.23
481,1.73,3.18,2.33,2.29,2.65,7.61,11.34,15.57,10.16,23.76,10.2,13.21,9.32,2.4
482,1.79,3.46,2.59,2.44,2.9,8.7,12.39,17.64,11.68,26.75,10.85,15.35,10.75,2.55
483,1.85,3.85,2.83,2.54,3.16,9.55,14.4,18.16,12.44,28.84,11.27,17.48,13.69,2.77
484,2.12,4.3,3.2,2.79,3.54,10.7,16.18,20.44,14.58,32.29,12.24,19.62,15.74,3.03
485,2.28,4.76,3.32,3.02,3.77,11.23,18.45,22.67,17.35,37.69,13.75,21.94,18.62,3.3
486,2.39,5.07,3.66,3.41,4.13,12.57,20.03,24.83,19.87,41.08,15.83,24.5,21.57,3.65
487,2.67,5.45,4.02,3.78,4.41,13.81,23.26,28.91,22.92,44.13,18.64,27.17,25.14,4.07
488,2.85,5.85,4.45,4.06,4.93,14.72,26.04,30.67,25.27,47.64,20.64,32.62,28.01,4.48
489,3.12,6.34,4.78,4.43,5.45,16.32,28.74,34.67,28.57,51.61,22.76,36.9,32.19,4.99
490,3.52,6.79,5.39,4.76,5.84,17.39,31.26,35.98,31.78,55.69,25.03,40.38,34.7,5.53
491,3.8,7.4,5.88,5.23,6.52,19.46,35.82,38.35,35.18,61.86,28.09,45.37,40.03,6.02
492,4.25,8.14,6.53,5.8,7.12,23.11,39.22,42.51,37.9,65.33,31.34,49.82,43.57,6.48
493,4.61,8.82,6.94,6.43,7.64,25.78,42.8,46.44,44.24,69.68,34.23,53.09,49.89,7.14
494,4.94,10.06,7.7,7.33,8.28,28.92,47.35,49.18,48.07,76.47,38.2,57.01,56.1,7.78
495,5.4,10.81,8.57,8.06,8.85,31.97,52.44,52.49,51.44,80.62,42.02,58.94,61.31,8.49
496,5.85,11.8,9.39,8.96,9.6,35.93,58.73,57.76,57.24,86.79,45.7,65.41,67.38,9.21
497,6.32,12.91,10.31,9.73,10.34,39.86,66.91,61.7,61.78,92.57,48.37,69.06,72.34,10
498,7,14.1,11.09,10.71,11.48,43.35,73.2,65.69,67.69,100.16,51.94,75.04,79.97,10.67
499,7.52,14.99,11.81,11.82,12.09,47.74,81.12,70.98,73.1,105.27,56.34,80.95,87.33,11.35
500,8.07,16.06,12.87,12.76,13.28,52.44,92.25,78.24,77.74,110.38,59.76,86.32,95.1,12.22
501,8.82,17.06,14.13,13.78,14.33,55.45,99.48,82.97,81.75,117.86,64.68,94.4,100.88,13.25
502,9.49,18.25,15.45,14.67,15.2,59.34,110.66,87.36,87.43,124.83,69.28,101,108.37,14.35
503,9.95,19.52,16.53,15.52,16.45,63.87,120.04,91.46,93.6,131.9,75.13,106.58,116.38,15.34
504,10.82,20.61,17.86,16.62,17.65,69.2,131.88,95.72,99.02,139.56,80.79,113.9,121.9,16.53
505,11.42,21.92,19.31,17.52,19.06,73.53,142.39,102.09,104.32,145.85,84.51,122.52,129.11,17.77
506,12.23,23.4,20.86,18.76,20.2,80.85,154.7,108.09,112.23,154.02,89.64,128.29,138.12,19.13
507,12.93,24.48,22.29,19.78,21.68,86.65,167.49,116.58,117.96,162.44,93.41,136.4,144.37,20.42
508,13.77,26,23.64,20.78,23.03,91.91,179.23,122.35,125.59,172.03,97.77,144.36,152.89,21.81
509,14.84,26.96,25.56,21.76,24.69,96.82,194.1,130.74,131.99,180.08,103.5,153.68,158.02,23.05
510,15.99,28.52,27.03,23.24,26.02,100.97,207.58,137.72,137.13,189.38,108.46,160.69,167.62,24.7
511,16.82,30.08,28.86,24.68,27.63,107.55,224.75,145.99,146.83,196.48,113.66,166.69,176.24,26.06
512,17.82,31.39,30.74,25.88,29.13,114.93,238.86,153.56,152.33,203.81,120.37,175.45,186.66,27.68
513,18.78,32.72,32.78,27.61,30.73,122.67,255.16,159.34,159.29,209.7,126.6,183.59,193.73,29.15
514,19.94,34.07,34.4,28.99,32.2,129.32,272.22,166.97,169.34,219.78,132.29,191.19,202.73,30.83
515,20.8,35.68,36.28,30.51,33.67,137.59,286.19,178.75,178.18,228.26,138.56,200.23,211.95,32.34
516,21.58,37.15,37.93,32.07,35.17,145.36,303.67,185.85,184.72,236.75,146.11,210.59,220.65,34.27
517,22.73,38.87,39.4,33.93,36.56,151.67,319.12,196.37,193.43,247.19,151.29,220.24,228.94,36.1
518,23.7,40.64,40.66,35.87,38.12,156.98,335.11,205.89,201.35,255.64,156.87,227.58,237.26,38.08
519,24.55,42.17,42.76,37.78,39.56,166.12,353.57,217.08,209.28,261.23,164.27,235.63,246.15,39.83
520,25.53,43.82,44.41,39.59,41.44,172.16,373.65,227.37,217.24,271.8,168.9,247.23,257.16,41.6
521,26.31,45.9,46.47,41.35,43.41,178.58,393.36,236.15,225.18,280.53,173.26,253.51,263.91,43.39
522,27.47,47.5,48.47,42.75,44.87,185.75,410.43,244.57,232.8,291.35,179.58,264.97,272.44,45.26
523,28.5,49.24,50.37,44.37,46.77,192.66,428.18,254.23,241.43,299.1,185.62,273.18,280.23,47.48
524,29.49,51.13,52.37,46.22,48.5,201.4,446.75,265.01,250.32,307.41,189.44,280.65,291.11,49.34
525,30.84,52.71,54.43,47.98,50.65,208.11,464.66,275.54,256.91,318.71,193.7,287.46,301.39,51.31
526,32.03,54.58,56.2,49.74,52.3,215.36,484.66,282.32,262.6,327.09,198.96,297.51,309.59,53.16
527,33.02,56.6,58.2,51.81,54.22,222.37,502.83,290.59,273.61,337.36,203.68,306.3,317.23,55.1
528,34.27,58.01,60.15,53.32,56,231.96,520.89,298.79,281.81,347.73,210.51,313.79,325.49,57.14
529,35.62,60.31,61.86,54.99,57.74,239.62,540.59,307.11,290.75,358.79,215.68,322.5,333.58,59.29
530,37.09,61.88,64.08,56.79,59.79,245.67,556.6,314.32,298.83,368.69,220.17,333.89,341.78,61.42
531,38.51,63.95,65.94,58.9,61.29,250.7,578.26,323.99,307.23,380.68,223.55,339.02,350.36,63.46
532,39.74,65.42,67.85,60.63,62.99,257.47,599.78,332.53,314.27,392.31,228.14,348.42,359.72,65.36
533,41.21,67.07,70.05,62.12,64.52,264.01,621.63,341.16,323.71,403.67,233.76,356.71,366.35,67.66
534,42.37,68.77,71.91,63.93,66.41,270.15,640.23,349.09,330.03,413.39,238.87,364.27,375.23,69.79
535,43.48,70.41,73.85,65.71,68.38,279.22,659.48,357.94,335.83,422.64,242.76,371.54,382.79,71.69
536,44.87,72.12,75.71,67.68,70.17,286.64,680.46,367.01,342.44,433.67,248.86,378.01,395.52,73.7
537,46.3,73.99,77.67,69.48,72.31,293.29,699.43,372.58,351.31,448.13,252.71,388.86,403.52,75.67
538,47.49,76.16,79.56,71.77,74.09,298.9,723.3,382.49,355.98,455.65,257.7,397.26,410.04,77.82
539,48.8,77.86,81.85,73.69,76.1,305.7,740.4,391.93,364.25,466.35,262.27,403.91,416.76,79.99
540,50.3,79.75,83.57,75.58,78.12,313.33,759.84,399.93,371.34,472.43,269.38,413.91,426.02,81.94
541,51.53,81.8,85.64,77.39,79.84,321.83,783.3,408.31,379.02,484.27,273.03,423.6,436.08,84.24
542,52.75,83.86,87.55,79.15,81.52,327.85,802.44,416.52,386.51,492.94,278.17,431.78,444.04,86.17
543,54.12,85.85,89.45,81.08,83.52,335.48,822.43,424.62,393.25,505.31,284.05,437.75,450.19,88.31
544,55.89,87.61,91.56,82.46,85.46,341.69,841.32,431.16,399.2,516.6,288.71,445.36,458.74,90.62
545,56.79,89.23,93.22,84.23,87.46,348.09,861.07,438.62,406.23,526.79,293.31,457.4,465.09,92.64
546,58.13,91.08,95.26,86.2,90.06,355.77,883.15,449.02,412.42,535.32,300.41,462.65,474.66,94.91
547,59.88,93.19,97.66,87.84,92.14,364.49,903.86,458.06,421.85,543.77,304.67,469.55,482.6,97.06
548,61.33,95.17,99.92,89.42,93.88,370.26,924.66,465.67,426.74,551.73,312.08,478.85,489.93,99.1
549,62.84,96.88,101.56,91.27,96.22,376.77,945.35,472.78,433.95,564.55,315.35,486.46,495.69,101.26
550,64.63,98.16,103.41,93.13,98.03,384.08,967.97,479.59,439.89,570.69,323.75,494.59,504.54,103.77
551,66.55,100.27,105.41,95.25,100.5,391.82,987.5,490.34,446.78,580.57,329.19,501.64,513.02,105.9
552,68.05,102.35,107.33,97.4,102.5,398.95,1006.94,498.49,455.76,590.42,334.15,507.74,519.53,108.26
553,69.6,103.87,109.94,99.06,104.13,406.58,1028.41,508.65,463.35,601.09,338.16,517.22,528.71,110.44
554,71.25,106.19,112.48,100.79,106.29,413.4,1048.68,514.21,469.3,609.52,345.1,524.75,538.31,112.75
555,73.24,107.77,114.66,102.85,108.32,421.87,1067.2,522.54,474.4,620.74,350.07,533.54,544.51,115.15
556,74.92,109.82,116.64,105.32,110.7,429.63,1090.29,532.34,483,630.58,356.59,541.96,552.34,117.37
557,76.49,111.76,119.04,106.74,112.53,437.98,1108.81,539.96,489.53,639.62,362.02,547.38,559.74,119.47
558,78.18,113.98,121.02,108.54,114.84,444.89,1130.07,549.9,496.24,647.04,366.92,553.91,564.59,121.87
559,80.13,115.97,123.15,110.49,117.15,451,1148.88,557.29,505.21,657.13,373.35,561.55,571.54,124.22
560,81.54,117.99,124.99,112.75,118.93,456.78,1170.51,564.79,511.86,665.65,379.74,569.88,580.86,126.4
561,83.48,119.87,127.41,114.63,120.98,463.03,1191.13,574.51,517.23,676.6,384.54,578.7,587.36,128.78
562,84.86,122.28,129.4,116.22,123.3,470.32,1210.7,582.87,526.33,684.63,389.7,587.15,597.39,131.11
563,86.59,124.61,131.47,118.79,125.06,477.6,1231.03,590.92,532.18,694.4,392.74,596.03,604.41,133.62
564,88.87,126.84,133.8,120.62,127.02,483.58,1251.71,600.6,537.83,704.02,402.12,605.18,614.48,135.71
565,91.08,129,136.27,122.92,129.1,490.42,1272.11,608.55,544.28,711.98,408.37,612.15,621.03,137.92
566,93.49,131.27,138.6,124.49,130.99,499,1292.66,616.07,552.65,719.93,414.33,620.01,629.24,140.16
567,94.83,133.04,140.89,126.47,133.62,504.95,1316.19,624.43,559.35,730.48,421.14,628.27,635.98,142.73
568,96.98,134.94,142.63,128.54,136.06,512.7,1332.43,633.19,563.84,738.4,428.06,635.66,642.82,145.18
569,98.71,137.52,145.11,131,138.29,522.38,1354.6,640.46,570.86,747.73,433.39,646.24,651.53,147.51
570,100.56,139.37,147.71,133.68,140.63,531.87,1377.05,650.99,579.05,757.07,440.15,653.93,660.53,150.03
571,103.01,141.51,149.77,135.64,142.85,539.2,1396.59,658.95,584.88,767.3,445.25,662.04,668.33,152.35
572,104.56,144.33,151.69,137.86,145.19,547.77,1419.27,665.64,592.38,777.29,453.03,671.74,676.76,154.56
573,107.15,147.05,153.93,139.7,147.61,556.99,1436.78,676.56,597.71,787.73,459.26,677.1,684.36,156.9
574,109.22,149.06,156.18,142.03,149.84,565.42,1457.67,683.5,606.18,795.85,463.03,687.61,691.02,159.37
575,111.67,151.05,158.68,144.51,151.8,574.28,1480.11,691.68,612.88,804.73,468.95,696.04,699.83,161.87
576,114.15,153.46,161.72,147.13,154.64,582.02,1499.37,701.05,621.47,813.67,477.74,703.22,708.46,163.96
577,116.07,155.79,163.7,149.77,157.09,591.97,1524.04,709.5,628.21,826.59,486.47,712.01,716.61,166.43
578,117.93,158.24,165.94,152.05,159.59,602.98,1542.31,716.34,636.91,835.02,495.35,720.33,724.39,168.53
579,120.55,160.6,168.86,154.72,161.59,611.34,1565.69,726.96,644.84,840.6,503.61,727.98,732.22,170.99
580,122.08,162.16,171.13,156.84,163.73,616.58,1588.19,732.3,653.41,850.88,511.16,738.17,742.36,173.29
581,124.2,164.6,173.21,158.77,165.97,627.36,1607.38,740.03,658.12,860.97,520.58,744.1,746.92,175.35
582,126.56,167.46,175.48,161.04,168.69,634.55,1630.97,747.39,666.06,872.39,530.44,751.97,754.7,177.99
583,128.16,169.58,178.11,163.28,171.38,643.17,1651.63,758.65,675.99,881.6,538.12,762.09,765.56,180.31
584,130.93,171.8,180.31,165.46,173.49,652.76,1674.36,765.65,685.17,889.53,548.79,771.66,774.6,183.15
585,133.94,174.89,182.67,167.85,175.73,660.73,1694.73,774.54,689.93,900.86,555.47,778.43,783.1,185.47
586,135.75,176.91,185.49,170.69,178.44,672.43,1715.11,783.92,697.15,909.02,562.64,788.15,788.68,187.73
587,138.57,179.74,187.72,172.76,181.39,681.62,1734.87,790.72,705.44,920.27,573.9,796.9,797.07,190.09
588,141.28,182.78,190.22,175.37,184.51,689.93,1757.06,799.55,714,927.43,583.07,806.37,806.79,192.33
589,143.89,185.32,192.98,177.66,186.69,697.92,1778.14,812.1,721.77,936.62,591.27,818.52,812.34,194.46
590,146.08,188.04,195.87,180.05,188.8,708.53,1803.23,820.39,732.85,948.45,599.42,827.86,820.3,197.04
591,149.1,190.7,198.32,183.13,191.43,720.17,1820.91,826.97,738.54,956.98,608.14,835.43,830.71,199.54
592,151.56,193.67,200.87,185.35,193.48,730.53,1839.55,836.45,746.33,967.32,614.71,843.17,838.97,202.16
593,153.88,196.5,203.11,188.54,196.66,740.73,1862.85,845.5,755.74,977.94,621.83,849.83,849.17,204.84
594,156.55,199.27,206.24,190.96,199.68,749.89,1885.02,853.07,766.94,990.87,631.42,859.8,857.24,207.14
595,158.99,201.74,209.03,193.88,202.5,758.79,1908.34,862.8,775.41,996.68,640.66,867.64,866.08,209.57
596,161.51,204.17,211.87,196.7,205.74,772.99,1930.25,868.36,783.03,1010.75,650.47,876.67,874.61,211.99
597,164.29,206.58,214.64,199.46,208.78,779.95,1951.71,876.82,791.2,1019.39,660.3,886.32,884.11,214.38
598,166.42,209.8,217.19,202.42,211.13,790.82,1973.25,888.02,799.85,1027.88,668.35,892.84,895.14,216.83
599,168.83,212.35,220.41,205.13,213.94,799.65,1994.82,896.88,810.87,1036.52,679.02,902.26,903.9,219.21
600,171.34,215.18,222.83,207.87,216.95,807.59,2018.43,909.3,822.14,1048.16,688.55,912.28,916.74,221.8
601,174.47,217.78,225.43,210.53,219.24,819.31,2040.59,919.8,829.54,1056.71,697.37,919.4,926.07,224.82
602,177.42,221.18,228.17,214.33,222.02,831.15,2061.29,929.03,838.57,1070.77,708.63,928.94,934.81,227.35
603,180.01,223.61,231.22,217.65,224.4,840.61,2083.7,939.34,850.51,1079.89,722.07,937.75,941.67,229.87
604,182.31,226.23,233.92,220.22,227.87,851.36,2105.38,948,859.11,1091.91,731.08,947.73,950.24,232.39
605,184.85,228.97,236.86,222.67,230.59,862.47,2123.67,957.58,868.51,1099.82,741.74,956.47,960.27,234.78
606,187.6,232.39,239.86,225.44,233.33,870.83,2149.57,967.16,878.43,1113.65,753.18,965.58,967.81,237.34
607,189.88,235.2,242.86,228.03,236.3,885.43,2167.63,978.04,890.57,1124.09,763.16,975.86,977.26,240.27
608,193.05,237.31,245.77,230.99,239.48,899.58,2190,985.59,899.65,1135.13,774.88,986.83,986.69,242.67
609,195.55,240.15,248.47,233.62,243.05,912.45,2211.66,996.58,910.09,1143.42,783.85,994.01,993.92,245.11
610,198.66,243.02,251.22,236.34,246.3,925.88,2233.94,1006.95,920.63,1157.07,793.93,1003.26,1005.12,247.71
611,201.27,246.35,254.49,239.51,248.89,936.25,2257.04,1018.41,925.23,1168.17,805.06,1012.02,1015.99,250.34
612,203.87,249.35,257.6,242.52,251.64,949.74,2279.06,1029.19,936.83,1178.48,812.36,1021.57,1027.97,252.7
613,207.04,252.48,260.53,245.88,254.66,958.59,2300.21,1041.26,947.51,1187.75,825.29,1032.54,1037.31,255.29
614,209.93,255.47,262.96,248.63,257.37,970.68,2325.53,1049.7,954.8,1201.7,839.68,1041.97,1045.25,258.14
615,212.94,258.08,265.56,251.98,260.65,988.43,2347.32,1056.88,965.11,1214.62,850.95,1050.57,1059.34,260.91
616,215.69,261.37,268.06,255.03,263.8,996.13,2370.07,1068.2,978.23,1227,861.85,1063.61,1067.61,263.29
617,218.87,264.68,270.87,258.78,266.56,1007.61,2393.55,1077.61,987.28,1238.62,873.09,1073.21,1077.11,265.97
618,222.15,268.06,273.52,261.49,269.3,1017.73,2416.04,1088.33,1000.65,1250.94,885.12,1086.74,1087.36,268.44
619,225.39,271.42,275.76,264.96,272.07,1027.82,2439.35,1101.24,1011.22,1262.74,895.79,1095.79,1098.46,270.92
620,228.01,273.99,279.33,267.8,275.35,1038.64,2461.33,1113.03,1020.04,1274.72,908.04,1103.76,1108.97,273.29
621,231.39,276.84,282.32,271.16,277.87,1049.64,2485.98,1118.7,1029.84,1287.13,920.17,1119.67,1116.78,275.72
622,234.87,280.3,285.32,275.3,280.53,1063.5,2506.07,1131.42,1043.67,1298.73,930.39,1131.55,1125.48,278.2
623,237.7,283.03,287.91,278.74,283.26,1075.19,2530.45,1144.45,1053.28,1310.71,943.49,1140.92,1139.04,280.63
624,241.07,285.83,291.47,281.27,286.6,1086.72,2549.78,1156.77,1064.95,1323.45,956.61,1150.02,1151.87,283.42
625,244.6,288.35,294.46,284,289.5,1101.53,2573.93,1169.03,1075.69,1337.36,968.03,1162.94,1161.11,285.61
626,247.73,291.73,298.12,287.17,292.9,1114.69,2594.23,1178.15,1085.79,1348.5,980.57,1173.72,1169.49,288.42
627,250.3,294.72,301.19,289.82,296.37,1130.08,2615.46,1187.9,1101.22,1363.02,994.46,1184.5,1181.4,290.83
628,254.05,298.28,304.25,292.8,299.69,1143.5,2640.77,1200.79,1113.73,1376.29,1007.88,1198.44,1194.05,293.77
629,258.03,301.34,306.83,295.91,302.65,1157.81,2662.39,1214.48,1124.52,1387.51,1022.94,1209.19,1205.08,296.41
630,260.98,304.04,309.94,298.77,306.3,1169.34,2688.1,1225.15,1140.02,1402.21,1037.95,1218.62,1214.19,299.11
631,264.22,307.16,312.77,302.37,309.12,1183.36,2712.58,1236.48,1150.66,1412.89,1051.96,1232.03,1228.09,301.56
632,267.38,310.95,315.97,305.14,312.55,1197.49,2733.95,1247.51,1163.85,1425.39,1062.79,1242.95,1239.95,304.67
633,271.1,313.85,318.65,308.19,315,1208.91,2755.78,1260.29,1178.21,1441.97,1076.41,1252.86,1250.65,307.24
634,274.55,317.26,321.43,311.55,318.56,1225.13,2777.91,1269.51,1189.9,1456.61,1088.58,1266.32,1264.33,310.07
635,277.77,320.33,324.25,314.74,321.37,1239.37,2802.22,1282.02,1203.83,1471.61,1100.66,1277.79,1277.4,312.64
636,281.69,323.12,327.69,317.77,324.72,1251,2823.92,1291.95,1214.85,1484.96,1113.14,1291.46,1289.67,315.57
637,285.04,325.95,330.61,321.18,327.67,1263.61,2844.93,1304.1,1226.36,1501.27,1126.79,1304.12,1300.14,318.52
638,287.89,329.23,333.53,324.62,330.64,1278.27,2871.74,1318.32,1238.82,1514.55,1138.98,1315.01,1313.57,321.32
639,291.73,332.59,337.39,328.19,336.8,1292.28,2892.75,1331.03,1252.58,1528.1,1158.05,1328.52,1322.04,323.99
640,295.58,335.57,340.32,331.67,340.31,1307.65,2916.14,1340.65,1266.01,1541.85,1170.41,1340.68,1339.12,326.74
641,299.28,339.46,344.16,335.42,343.86,1317.22,2937.19,1355.14,1278.74,1555.68,1183.08,1351.22,1349.58,329.25
642,302.46,342.61,346.9,339.01,346.83,1329.74,2963.16,1365.78,1291.91,1568.01,1200.85,1368.81,1362.06,332.13
643,306.74,346.46,350.93,342.41,350.94,1345.13,2985.66,1379.18,1306.44,1584.13,1215.16,1382.36,1373.4,335.05
644,309.68,349.48,354.34,345.45,355.32,1366.25,3008.32,1389.99,1323.45,1598.99,1224.93,1396.65,1389.33,337.42
645,313.01,353.75,357.63,349.97,358.61,1383.79,3032.5,1404.13,1335.33,1613.41,1240.55,1410.69,1397.67,340.12
646,316.98,356.66,361,353.48,362.2,1400.69,3055.24,1415.99,1345.85,1626.87,1257.08,1421.57,1408.6,342.83
647,320.27,360.71,364.42,357.21,365.97,1414.64,3078.36,1430.43,1358.57,1642.48,1271.48,1437.56,1424.16,345.77
648,324.5,364.94,367.5,361.76,369.91,1431.29,3103.18,1442.85,1373.69,1656.5,1288.13,1450.19,1436.53,348.8
649,328.59,367.83,370.76,365.42,373.58,1448.97,3126.79,1456.71,1387.13,1671.79,1300.78,1464.29,1450.36,351.62
650,331.94,371.04,374.65,369.1,377.57,1463.43,3149.32,1471.48,1399.75,1685.7,1314.78,1477.68,1462.15,354.25
651,335.41,374.52,378.26,372.1,380.63,1482.66,3171.06,1484.19,1415.82,1699.98,1328.47,1491.32,1475.07,357.28
652,339.51,378.57,381.96,375.1,384.85,1499.35,3194.86,1495.72,1430.3,1716.08,1347.2,1509.24,1489.46,360.18
653,342.9,381.89,385.85,379.92,387.87,1511.82,3216.12,1510.02,1441.39,1730.14,1363.06,1527.1,1504.76,362.96
654,347.54,386.61,389.31,383.76,391.7,1527.89,3241.92,1523.16,1456.64,1745.45,1374.31,1537.25,1521.66,366.04
655,351.21,390.75,393.05,387.33,395.91,1542.04,3265.33,1537.51,1471.28,1762.3,1389.6,1551.09,1539.33,368.72
656,355.9,394.95,396.2,390.45,400.06,1556.31,3290.53,1555.8,1489.16,1780.37,1407.05,1567.53,1552.45,372.48
657,360.18,398.65,399.76,393.88,403.25,1574.32,3313.85,1569.5,1503.23,1795.56,1420.63,1579.5,1567.03,375.47
658,363.71,402,403.45,397.14,407.04,1589.6,3338.03,1582.95,1516.27,1810.77,1435.85,1595.03,1579.64,378.49
659,366.82,405.95,407.1,400.99,411.33,1608.08,3364.22,1598.99,1532.15,1823.78,1452.83,1610.63,1592.33,381.15
660,370.6,409.58,410.25,404.59,417.03,1623.48,3387.44,1615.25,1548.23,1840.11,1467.78,1623.79,1608.39,383.85
661,374.94,413.91,413.93,408.22,421.61,1641.26,3410.64,1626.88,1561.4,1855.51,1482.45,1640.14,1619.56,387.13
662,379.08,417.27,417.71,412.26,424.62,1655.51,3432.24,1644.11,1578.23,1871.99,1497.28,1654.19,1636.65,390.06
663,383.43,421.22,420.84,415.69,428.35,1674.58,3457.19,1657.25,1595.89,1886.99,1513.42,1670.37,1652.03,392.95
664,387.44,425.88,424.55,419.59,432.41,1691.12,3479.96,1671.89,1611.08,1904.61,1528.54,1686.34,1664.74,396.15
665,391.3,429.45,428.55,423.53,435.87,1705.68,3502.97,1687.27,1626.07,1921.05,1546.58,1703.28,1688.36,399.52
666,396.22,433.26,432.52,427.25,439.94,1723.07,3525.3,1699.85,1641.48,1937,1562.85,1718.1,1706.31,402.36
667,400.44,437.68,436.14,430.76,443.1,1739.31,3550.82,1715.68,1654.55,1951.82,1575.31,1731.53,1726.34,405.41
668,404.46,441.64,440.32,434.44,446.19,1756.21,3573.09,1736.52,1671.86,1972.46,1592.84,1749.05,1741.2,409.02
669,408.89,446.13,443.31,439,449.51,1773.55,3599.07,1752.75,1690.83,1989.62,1614.72,1762.35,1759.51,411.57
670,413.39,449.79,447.9,443.05,453.48,1790.28,3624.9,1766.53,1706.43,2006.72,1627.79,1778.41,1773.28,414.32
671,418.35,453.66,451.28,446.96,457.81,1808.15,3648.55,1785.24,1727.05,2024.6,1647.5,1792.29,1789.86,417.34
672,422.67,458.49,455.7,451.11,462.58,1826.42,3670.86,1796.95,1739.84,2043.45,1665.84,1807.77,1804.1,420.25
673,426.33,462.76,459.29,454.73,465.83,1843.92,3698.77,1812.06,1757.96,2061.3,1684.39,1822.59,1821.36,423.7
674,431.59,467.02,463.06,459.12,470.03,1865.64,3723.34,1830.52,1775.39,2075.94,1701.75,1836.44,1841.05,426.49
675,435.91,470.25,467.68,462.79,473.73,1882.85,3747.15,1847.68,1791.97,2092.98,1722.33,1853.27,1856.74,429.44
676,440.48,474.3,471.62,466.83,477.56,1901.1,3772.38,1868.3,1806.8,2109.66,1736.33,1867.39,1872.84,432.49
677,444.79,479.18,475.24,470.94,481.13,1918.01,3795.87,1886.04,1823.99,2129.94,1757.04,1885.21,1891.77,435.29
678,448.88,482.54,479.6,476.09,485.07,1935.61,3822.34,1904.27,1838.36,2145.23,1775.72,1901.44,1908.98,438.47
679,453.83,487.23,483.48,479.7,489.84,1953.73,3846.11,1920.58,1854.42,2164.17,1796.47,1917.74,1929.98,441.41
680,458.83,490.48,487.12,483.53,494.47,1967.82,3871.05,1937.08,1873.45,2180.49,1811.65,1935.71,1951.02,444.55
681,462.92,494.47,491.09,487.6,499.66,1984.91,3893.83,1950.64,1893.31,2200.21,1832.72,1951.38,1967.33,447.91
682,467.39,497.94,494.4,491.74,502.8,2002.77,3920.76,1970.15,1910.22,2216.71,1849.7,1965.72,1983.22,451.23
683,471.88,501.3,498.7,496.29,506.86,2021.09,3946.8,1987.21,1930.19,2235.74,1867.64,1986.72,1999.76,454.41
684,476.37,505.27,503.79,499.78,510.79,2043.5,3973.27,2005.26,1944.8,2253.79,1889.96,2007.56,2014.9,457.3
685,480.89,508.62,508.18,503.95,514.95,2065.77,3996.29,2021.04,1963.59,2271.27,1910.62,2022.26,2035.56,460.26
686,485.22,512.09,512.07,508.13,520.15,2080.51,4018.34,2037.16,1978.9,2289.93,1928.01,2037.52,2055.02,463.39
687,489.72,516.39,516.47,512.4,525.64,2101.69,4044.77,2055.87,1997.89,2311.17,1943.8,2056.58,2071.8,466.84
688,494.27,521.52,520.45,516.19,530.78,2120.19,4068.46,2073.75,2019.95,2327.78,1962.24,2074.2,2090.27,469.95
689,499.11,525.68,525.21,520.76,535.88,2142.44,4093.57,2089.99,2038.88,2345.59,1980.91,2091.25,2104.44,473.5
690,503.49,530.32,529.6,525.59,540.18,2158.24,4120.03,2111.9,2057.31,2362.67,1998.42,2112.52,2122.3,477.21
691,508.57,535.76,533.83,530.43,544.83,2178.16,4146.9,2128.31,2076.96,2383.21,2018.64,2126.94,2139.88,480.29
692,513.2,539.79,537.88,536.04,549.02,2202.18,4169.85,2144.17,2091.65,2401.31,2036.6,2146.28,2153.01,483.77
693,518.02,544.22,542.61,540.63,553.54,2218.56,4195.59,2160.14,2112.08,2423.94,2059.59,2163.03,2171.26,486.51
694,523.14,548.86,546.7,544.42,558.38,2237.72,4218.83,2182.19,2131.27,2440.57,2082.9,2180.7,2187.2,489.72
695,528.69,553.12,551.03,549.66,563.65,2257.46,4246.88,2199.62,2152.01,2460.87,2103.11,2201.39,2207.81,492.81
696,534.55,559.59,555.65,555.44,567.29,2273.58,4270.37,2217.08,2171.06,2480.36,2121.75,2221.71,2228.97,496.4
697,539.81,564.38,560,560.28,571.83,2297.99,4295.68,2238.03,2190.28,2501.45,2142.01,2240.03,2250.01,499.49
698,545.1,568.56,564.83,565.16,576.29,2317.85,4320.72,2257.05,2208.3,2523.18,2163.32,2259.89,2268.85,502.59
699,550.58,572.44,569.56,570.08,580.55,2335.5,4343.93,2277.61,2231.07,2541.07,2181.53,2280.24,2289,505.77
700,556.17,576.84,574.08,575.42,585.35,2354.87,4372.61,2297.57,2243.82,2561.97,2199.43,2296.42,2309,509.1
701,562.07,581.33,577.82,581.34,589.99,2375.09,4395.16,2314.57,2267.45,2583.29,2219.64,2315.29,2327.32,512.83
702,567.39,586.06,581.71,587.43,594.39,2395.28,4420.88,2336.05,2286.14,2600.3,2239.01,2334.93,2343.32,516.37
703,572.5,590.93,585.65,592,600.11,2415.16,4443.24,2358.47,2308.9,2625.53,2260.35,2352.75,2363.19,519.88
704,577.89,595.78,589.88,597.21,604.88,2436.59,4471.76,2377.83,2324.46,2643.69,2277,2375.8,2385.58,523.45
705,584.53,599.89,594.43,602.86,609.82,2453.63,4496.58,2394.88,2350.39,2664.82,2299.59,2397.5,2400.5,526.92
706,589.8,604.79,599.35,607.73,614.22,2474.32,4521.17,2417.88,2370.16,2683.47,2320.5,2416.95,2420.38,530.33
707,595.51,610,603.95,613.72,619.17,2495.15,4547.1,2438.92,2391.38,2707.68,2342.68,2434.74,2441,533.57
708,601.91,614.43,608.17,618.54,625.12,2517.39,4574.5,2455.49,2408.55,2725.57,2364.52,2458.88,2460.56,537.38
709,606.69,618.26,613.56,623.71,629.81,2537.38,4597.97,2474.7,2430.52,2750.47,2385.94,2477,2480.55,541.05
710,614.09,623.5,617.87,628.6,634.37,2557.46,4624.71,2497.62,2449.78,2770.34,2404.41,2495.58,2502.68,544.82
711,620.22,628.54,622.81,632.91,639.27,2580.72,4653.55,2517.83,2473.86,2791.05,2429.9,2516.25,2524.33,548.51
712,625.96,634.04,626.85,638.15,644.68,2600.16,4678.85,2540.52,2489.37,2809.71,2453.28,2536.24,2548.1,551.74
713,631.55,639.48,630.97,642.86,649.1,2617.03,4703.11,2559.11,2513.44,2827.26,2472.31,2554.4,2566.13,555.39
714,637.8,644.28,636.81,647.46,653.7,2638.83,4729.77,2577.68,2532.95,2847.53,2498.05,2570.67,2587.54,559.12
715,643.06,650.05,640.47,652.26,657.99,2667.17,4757.64,2599.53,2557.71,2871.8,2519.55,2598.37,2607.15,562.96
716,649.47,654.44,644.94,657.33,663.42,2688.8,4785.07,2616.84,2581.31,2890.73,2537.47,2621.66,2625.36,566.72
717,654.85,660.47,649.4,663.57,667.5,2713.36,4806.85,2642.37,2607.05,2911.46,2555.96,2639.14,2645.76,570.3
718,659.61,666.58,653.91,667.87,673.43,2733.75,4833.9,2663.47,2624.66,2933.02,2579.77,2659.7,2663.78,574.03
719,666.54,671.18,658.54,672.36,677.32,2759.75,4857.01,2687.43,2647.58,2953.79,2599.46,2682.6,2682.05,577.94
720,673.45,676.98,663.18,677.12,682.9,2783.63,4883.68,2709.09,2667.03,2978.3,2619.16,2703,2705.48,581.03
721,677.84,682.04,667.81,682.45,687.88,2807.42,4911.6,2729.84,2688.85,3000.79,2647.79,2720.83,2726.08,584.62
722,683.14,686.85,671.79,687.79,693.29,2832.27,4939.65,2746.04,2712.49,3019.27,2669.85,2739.98,2742.39,588.48
723,690.43,692.36,676.71,694.11,698.24,2854.85,4967.36,2766.27,2732.94,3041.16,2694.09,2759.57,2762.57,592.12
724,696.74,697.3,681.05,700.19,703.86,2875.4,4994.16,2785.47,2754.93,3062.4,2712.14,2785.48,2787.14,595.92
725,702.86,703.9,685.81,706.47,708.6,2896.83,5020.93,2805.87,2775.62,3081.38,2733.58,2804.69,2810.68,599.62
726,709.65,709.4,690.92,711.9,714.64,2918.48,5044.37,2831.13,2800.4,3105.99,2756,2828.5,2831.37,603.51
727,715.3,715.85,695.6,716.6,719.82,2942.07,5072.4,2848.5,2824.57,3127.55,2777.73,2848.84,2855.53,606.85
728,721.97,719.83,700.22,721.39,725.23,2968.39,5099.8,2877.51,2846.37,3150.88,2798.02,2870.29,2877.3,610.56
729,727.8,725.88,705.35,726.48,731.33,2995.17,5125.52,2894.58,2870.42,3171.57,2822.89,2890.49,2896.66,614.21
730,735.2,729.91,709.6,732.17,736.8,3017.36,5156.45,2915.91,2887.94,3198.61,2843.79,2911.06,2918.64,617.73
731,740.75,734.86,714.39,737.66,741.09,3039.85,5184.54,2935.86,2914.19,3220.17,2863.97,2931.06,2938.29,621.62
732,747.08,740.88,719.05,742.96,746.46,3062.27,5210.28,2959.52,2934.11,3241.47,2885.89,2955.61,2963.17,624.78
733,754.1,745.63,724.51,748.53,751.24,3086.19,5239.42,2976.75,2957.82,3264.33,2912.69,2976.66,2982.04,628.98
734,760.31,751.21,729.37,753.42,756.34,3108.49,5269.37,3002.18,2981.35,3290.68,2935.64,2995.21,3004.69,632.62
735,766.49,756.94,735.42,758.87,761.03,3133.67,5295.6,3023.19,3009.49,3320.42,2960.96,3017.47,3028.01,636.77
736,774.03,762.39,740.89,764.72,765.4,3159.68,5322.81,3049.07,3031.46,3343.83,2983.99,3038.99,3050.19,640.52
737,780.26,768.26,746.59,769.43,770.43,3181.31,5348.76,3070.28,3055.38,3367.58,3006.89,3059.04,3070.52,644.58
738,788.32,773.24,751.41,775.8,775.54,3208.65,5378.79,3095.55,3072.34,3393.34,3031.32,3083.22,3093.27,648.51
739,794.46,779.35,756.21,781.8,780.66,3232.93,5406.51,3117.44,3096.78,3416.18,3056.11,3104.96,3115.47,652.08
740,801.92,785.62,761.7,787.91,785.9,3258.14,5436.29,3138.36,3114.01,3440.23,3082.17,3129.09,3137.59,656.73
741,809.43,790.8,766.72,793.35,791.59,3280.85,5464.36,3162.23,3138.05,3462.13,3103.18,3150.9,3162.21,660.53
742,817.69,795.73,771.43,800.31,796.61,3307.61,5494.33,3188.92,3160.92,3489.23,3126.41,3172.75,3180.21,664.68
743,826.86,801.81,776.26,806.2,801.73,3330.21,5524.65,3209.62,3184.49,3510.63,3155.28,3199.35,3209.66,668.63
744,833.16,809.35,781.39,813.08,806.74,3357.51,5549.9,3230.96,3206.6,3536.53,3177.43,3224.57,3230.1,672.65
745,841.4,815.28,786.62,818.43,811.54,3382.72,5579.37,3252.77,3229.49,3559.58,3204.18,3244.75,3254.98,676.51
746,848.9,821.73,792.7,825.5,817.11,3403.99,5605.48,3276.87,3257.72,3587.25,3230.89,3266.4,3278.7,680.53
747,856.84,826.86,797.93,831.52,822.32,3430,5632.25,3298.4,3280.09,3608.22,3253.96,3290.38,3303.48,684.19
748,863.82,833.01,802.49,837.23,829.88,3453.47,5663.16,3320.72,3302.77,3637,3278.33,3313.78,3324.39,688.07
749,871.08,839.49,808.57,841.84,836.69,3484.43,5689.86,3344.72,3326.1,3660.97,3307.39,3338.21,3348.3,692.23
750,877.66,844.15,813.38,847.49,841.63,3514.32,5717.45,3370.41,3352.37,3685.56,3330.23,3361.65,3371.12,695.77
751,886.64,849.53,819.48,852.34,847.6,3542.27,5746.9,3393.37,3374.06,3709.8,3357.44,3386.2,3395.4,700.03
752,893.57,856.08,824.51,858.94,853.57,3568.23,5775.93,3420.16,3400.35,3734.57,3379.79,3408.27,3420.65,704.4
753,903.65,860.65,830.94,865.32,859.01,3598.29,5808.45,3449.87,3425.77,3763.6,3406.09,3432.92,3446.65,708.56
754,910.41,866.12,836.35,872.23,864.5,3626.8,5838.11,3473.47,3456.26,3788.37,3434.24,3455.11,3469.72,712.63
755,918.64,871.61,842.15,878.16,869.81,3652.3,5865.54,3495.46,3477.34,3815.69,3456.94,3483.35,3494.85,716.63
756,926.74,878.19,847.42,883.62,875.12,3676.14,5894.83,3525.66,3504.92,3840.59,3482.52,3510.77,3519.66,721.12
757,934.25,882.99,852.99,889.35,881.5,3708.22,5925.11,3547.54,3531.45,3867.61,3505.49,3530.33,3543.14,724.84
758,943.38,889.02,858.66,895.33,886.89,3733.34,5949.02,3573.73,3559.14,3889.67,3530.98,3557.94,3567.42,728.74
759,952.55,894.78,863.96,902.2,894.14,3762.5,5981.54,3600.54,3585.66,3920.42,3556.54,3582.18,3588.74,732.91
760,959.86,901.87,869,907.37,900.75,3790.14,6010.42,3625.31,3613.55,3944.34,3584.86,3609.86,3613.65,737.13
761,968.21,908.7,874.54,915.49,906.72,3819.41,6040.79,3652.64,3635.87,3971.98,3603.82,3633.78,3639.03,741.81
762,977.62,915.51,881.37,922.32,912.51,3844.46,6067.61,3675.71,3664.07,3999.62,3634.18,3659.37,3660.26,745.62
763,984.47,922.52,887,929.35,917.62,3873.76,6098.97,3702.4,3693.79,4029.23,3663.29,3686.13,3687.25,749.85
764,992.71,928.23,892.15,936.44,923.5,3901.87,6127.74,3729.46,3719.53,4056.33,3691.47,3712.86,3710.02,754.24
765,1001.03,934.52,897.38,942.55,928.56,3925.09,6157.11,3751.92,3744.54,4082.71,3716.62,3740.23,3737.32,758.31
766,1009.72,940.65,902.75,948.08,934.15,3953.97,6186.96,3776.15,3772.55,4110.78,3742,3771.96,3767.35,762.53
767,1018.04,948.01,907.91,954.86,940.4,3981.67,6216.95,3804.83,3797.14,4140.72,3773.76,3796.18,3794.37,766.24
768,1028.26,954.8,912.94,961.17,947.39,4006.68,6246.52,3829.79,3826.73,4170.59,3799.91,3821.19,3819.35,770.39
769,1038.59,960.63,918.92,967.48,953.59,4034.31,6276.99,3853.16,3852.14,4200.28,3824.1,3846.27,3844.81,774.92
770,1047.64,968.81,925.51,974.18,959.65,4063.67,6310.86,3880.68,3879.92,4230.02,3850.79,3876.02,3873.63,778.87
771,1054.98,974.94,930.89,981.92,965.39,4091.48,6339.68,3908.79,3903.39,4256.83,3879.72,3897.97,3905.19,783.71
772,1064.22,981.66,936.57,988.87,971.05,4117.02,6372.09,3935.77,3932.35,4287.08,3907.12,3929.64,3933.85,787.96
773,1072.9,987.45,943.42,995.95,977.37,4148.73,6400.75,3965.2,3955.45,4311.7,3937.85,3957.36,3962.58,793.09
774,1083.72,993.56,948.74,1002.48,984.49,4179.09,6430.71,3993.29,3986.68,4342.59,3965.55,3983.9,3990.57,797.76
775,1093,1000.12,954.46,1009.41,990.18,4206.51,6460.62,4017.55,4009.33,4368.28,3994.41,4010.81,4017.82,802.43
776,1103.63,1006.83,960.13,1018.25,996.87,4239.21,6490.8,4044.74,4039.01,4399.36,4023.66,4038.76,4048.14,807.22
777,1111.79,1012.51,966.26,1024.99,1003.32,4268.83,6524.09,4075.17,4066.84,4427.72,4052.73,4065.88,4071.84,811.23
778,1122.46,1018.14,972.05,1031.52,1009.22,4297.48,6553.36,4101.16,4096.47,4456.92,4080.9,4091.77,4105.28,816.26
779,1130.54,1023.96,978.09,1039.03,1015.44,4328.78,6578.9,4129.66,4123.69,4485.01,4113.03,4122.3,4130.77,820.32
780,1139.09,1031.34,983.98,1044.78,1021.66,4360.98,6610.58,4158.07,4154.79,4510.96,4142.22,4146.96,4163.11,825.23
781,1148.82,1038.21,990.16,1051.48,1027.8,4391.3,6640.36,4183.88,4179.11,4542.32,4175.4,4173.4,4189.16,829.87
782,1155.91,1044.74,998.33,1058.41,1033.89,4420.37,6672.3,4215.41,4213.92,4570.7,4203.7,4198.97,4217.45,834.75
783,1165.18,1050.68,1003.82,1065.14,1040.73,4450.87,6705.95,4244.46,4240.74,4601.33,4235.75,4227.92,4242.78,839.78
784,1174.25,1056.6,1009.99,1072.69,1048.19,4478.02,6737.27,4272.29,4274.52,4631.89,4266.78,4259.08,4272.31,844.26
785,1183.37,1064.32,1017.15,1081.11,1054.73,4512.69,6768.82,4301.84,4299.78,4662.45,4295.44,4287.13,4300.41,849.25
786,1191.31,1072.13,1023.02,1089.55,1060.89,4538.84,6799,4328.97,4329.3,4690.86,4322.63,4316.15,4333.22,853.78
787,1203.13,1078.74,1028.7,1094.83,1069.02,4573.97,6831.01,4360.09,4356.61,4723.77,4354.07,4345.75,4367.76,858.12
788,1211.44,1084.61,1034.99,1102.28,1075.86,4596.57,6863.93,4390.75,4393.77,4754.98,4382.45,4373.41,4396.33,862.65
789,1221.62,1092.06,1041.56,1108.97,1082.27,4631.31,6896.39,4421.49,4417.34,4785.18,4411.3,4402.71,4428.89,868.1
790,1233.63,1099.41,1048.03,1115.5,1090.22,4667.79,6924.52,4449.23,4450.97,4816.49,4440.96,4436.8,4462.69,873.45
791,1242.94,1106.44,1054.77,1122.1,1096.58,4696.95,6955.57,4478.36,4476.61,4846.12,4473.93,4466.88,4494.08,878.8
792,1252.3,1114.04,1062.03,1129.57,1103.54,4730.55,6988.98,4513.27,4509.7,4873.53,4508.99,4497.67,4528.87,883.83
793,1262.32,1121.64,1068.17,1137.97,1109.57,4760.81,7018.17,4540.39,4534.42,4903.98,4538.14,4526.51,4559.47,888.44
794,1273.62,1130.48,1074.95,1145.26,1116.89,4799.18,7046.77,4573.38,4567.93,4932.32,4570.09,4561.7,4587.16,892.6
795,1284.9,1138.62,1080.54,1152.27,1123.61,4830.33,7077.24,4601.44,4596.85,4965.63,4598.59,4592.92,4619.66,897.21
796,1294.55,1147.78,1088.22,1159.3,1129.59,4860.65,7108.83,4630.06,4625.58,4995.91,4633.33,4624.02,4653.27,902.22
797,1304.75,1154.2,1094.59,1167.02,1135.25,4897.67,7144.81,4659.89,4658.34,5026.77,4662.41,4651.67,4687.51,907.31
798,1315.75,1160.07,1102.4,1175.67,1140.57,4938.99,7176.81,4692.09,4690,5059.7,4695.49,4684.58,4717.26,912.74
799,1326.5,1167.71,1108.23,1183.09,1147.34,4967.29,7211.62,4722.86,4724.15,5092.83,4729.96,4716.82,4754.39,917.47
800,1340.38,1177.52,1115.4,1189.28,1153.45,4999.75,7244.76,4755.24,4756.32,5123.21,4758.13,4746.89,4781.12,923.18
801,1349.33,1184.61,1122.3,1197.29,1160.16,5040.73,7277.05,4791.36,4785.25,5153.97,4795.19,4780.33,4817.93,928.68
802,1360.07,1193.01,1128.57,1203.16,1167.69,5070.8,7310.2,4819.33,4815.83,5186.46,4830.6,4811.41,4847.04,933.77
803,1370.54,1199.15,1134.73,1211.45,1175.25,5105.7,7343.83,4850.95,4848.37,5214.04,4863.91,4845.13,4877.65,940.3
804,1384.16,1206.82,1141.42,1218.64,1183.15,5137.71,7378.75,4883.57,4879.12,5249.66,4897.75,4876.74,4911.39,945.9
805,1397.31,1214.89,1147.51,1226.37,1189.15,5167.7,7412.65,4913.7,4913.51,5280.67,4932.62,4906.39,4946.44,950.63
806,1408.93,1223.48,1154.19,1233.99,1195.49,5200,7447.62,4941.4,4942.91,5316.01,4967.93,4940.1,4975.69,956.74
807,1423.19,1232.05,1161.64,1242.06,1203.65,5232.89,7481.25,4975.98,4976.11,5347.41,4998.34,4970.72,5009.13,963.09
808,1435.1,1241.92,1168.39,1248.53,1209.64,5261.37,7513.36,5011.03,5010.11,5382.3,5037.45,5001.24,5041.96,968.24
809,1444.93,1251.32,1176.29,1257.25,1216.67,5298.24,7551.23,5044.5,5044.25,5415.15,5069.52,5033.61,5077.31,973.62
810,1455.79,1258.56,1182.56,1264.97,1224.44,5329.19,7585.06,5074.33,5077.38,5452.87,5104.67,5067.02,5105.52,979.28
811,1468.53,1266.25,1190.34,1273.46,1231.08,5360.84,7619.93,5109.04,5112.58,5487.32,5132.52,5098.74,5138.62,984.25
812,1481,1272.61,1198.66,1280.03,1239.05,5393.85,7653.75,5140.42,5148.8,5523.13,5167.22,5132.63,5170.8,989.07
813,1491.84,1281.22,1204.64,1287.67,1246.51,5428.68,7686.46,5176.02,5182.64,5559.25,5200.32,5163.4,5206.27,994.33
814,1505.17,1287.58,1211.55,1294.67,1253.71,5456.77,7721.34,5208.87,5218,5592.75,5234.33,5197.38,5237.69,999.91
815,1517.95,1295.72,1218.55,1301,1260.82,5496.05,7754.41,5243.28,5250.49,5631.64,5267.17,5228.79,5272.59,1005.04
816,1529.83,1303.74,1225.83,1307.9,1268.3,5529.02,7787.11,5274.24,5286.13,5666.22,5301.12,5266.67,5305.7,1010.85
817,1540.27,1312.95,1233.64,1318.25,1275.52,5563.44,7821.16,5308.04,5321.22,5699.65,5332.05,5296.76,5338.5,1017.18
818,1552.72,1320.56,1241.85,1326.24,1282.02,5602.82,7854.67,5342.83,5354.45,5731.08,5365.6,5334.19,5370.95,1022.6
819,1566.63,1327.82,1248.26,1335.99,1289.34,5635.94,7891.33,5378.16,5389.19,5765.06,5395.7,5366.66,5406.27,1028.29
820,1579.64,1335.38,1256.01,1343.92,1296.65,5671.98,7925.76,5411.84,5425.03,5799.05,5429.38,5405.05,5437.3,1033.42
821,1592.33,1344.21,1263.65,1351.13,1305.84,5704.3,7959.79,5448.84,5458.91,5834.3,5464.52,5434.42,5467.35,1038.3
822,1602.27,1352.74,1272.09,1359.87,1314.01,5739.24,7991.56,5481.46,5494.65,5872.37,5497.94,5470.91,5500.16,1044.03
823,1614.92,1362.64,1279.49,1369.09,1322.78,5776.21,8027.48,5518.03,5531.44,5904.4,5536.52,5502.6,5533.05,1050.61
824,1627.11,1371.96,1288.09,1377.24,1330.3,5825.74,8063.79,5552.41,5568.84,5938.93,5572.03,5536.98,5567.77,1056.29
825,1641.07,1380.41,1296.67,1385.73,1337.74,5861.39,8098.61,5582.49,5604.28,5971.14,5609.41,5566.74,5601.19,1061.13
826,1655.32,1391.48,1305.54,1395.08,1345.37,5898.24,8134.31,5618.31,5641.18,6007.73,5645.94,5602.54,5639.5,1067.66
827,1670.27,1399.6,1313.11,1405.89,1353.62,5929.9,8168.05,5655.68,5679.22,6041.5,5682.71,5637.16,5672.5,1074.94
828,1688.02,1407.87,1321.25,1416.07,1362.21,5968.91,8203.77,5688.57,5714.17,6076.89,5719.03,5673.64,5705.92,1080.93
829,1701.28,1416.87,1330.45,1427.02,1369.39,6009.48,8238.38,5723.86,5750.57,6114.34,5754.88,5709.96,5743.87,1086.04
830,1714.21,1427.1,1336.21,1435.59,1377.6,6049.45,8272.63,5759.98,5783.48,6152.3,5794.66,5747.42,5780.12,1091.21
831,1727.36,1436,1345.58,1444.4,1385.22,6090.4,8309.81,5798.46,5820.98,6187.16,5835,5783.14,5815.01,1096.79
832,1743.03,1445.69,1354.73,1454.55,1393.76,6138.73,8343.84,5833.25,5859.72,6225.33,5874.81,5815.77,5851.69,1101.52
833,1757.77,1456.03,1362.74,1462.07,1400.36,6177.14,8380.35,5869.62,5895.86,6258.85,5911.93,5856.33,5887.76,1108.19
834,1773.01,1464.48,1371.1,1471.12,1408.58,6212.83,8413.04,5906.7,5932.17,6298.1,5950.55,5886.82,5924.8,1113.97
835,1787.02,1472.67,1380.11,1480.46,1415.47,6256.6,8449.63,5945.82,5968.17,6336.41,5988.46,5921.76,5961.13,1120.56
836,1803.37,1480.48,1388.78,1489.2,1423.78,6293.86,8486.92,5981.69,6005.27,6375.24,6027.86,5954.2,5995.94,1126.95
837,1817.51,1489.12,1398.35,1498.68,1430.83,6334.7,8525.4,6023.27,6042.14,6412.6,6066.04,5987.99,6029.34,1133.01
838,1829.38,1499.55,1406.01,1507.97,1438.66,6377.84,8559.71,6056.77,6079.89,6454.58,6104.36,6026.89,6067.17,1141.13
839,1843.08,1508.52,1415.06,1518.55,1446.58,6416.65,8598.08,6094.72,6116.04,6492.03,6144.43,6066.6,6106.14,1147.27
840,1857.77,1516.45,1422.96,1528.85,1455.18,6454.04,8637.56,6130.65,6155.55,6527.23,6183.83,6102.08,6140.99,1153.89
841,1872.35,1524.43,1432.83,1537.98,1464.45,6494.1,8673.81,6169.87,6190.7,6567.38,6224.04,6138.69,6177.19,1160.44
842,1888.98,1534.76,1441.35,1547.1,1470.95,6533.39,8711,6207.81,6231.78,6602.91,6261.85,6174.44,6216.98,1166.45
843,1902.04,1544.11,1451.53,1555.56,1479.62,6575.56,8748.1,6250.28,6266.49,6644.44,6303.49,6214.51,6252.34,1172.94
844,1918.94,1552.88,1458.84,1564.23,1487.55,6617.35,8786.15,6292.34,6306.25,6679.6,6343.03,6249.37,6288.14,1178.35
845,1935.17,1562.1,1467.75,1572.35,1495.86,6655.21,8825.14,6328.92,6343.66,6720.95,6377.85,6293.26,6331.77,1184.81
846,1951.53,1570.27,1477.48,1583.8,1504.56,6699.31,8862.89,6367.19,6388.4,6759.72,6417.45,6326.22,6367.74,1191.05
847,1967.23,1580.58,1486.91,1592.67,1513.94,6738.77,8897.85,6403.3,6426.34,6799.79,6462.83,6368.28,6411.66,1196.95
848,1983.26,1588.65,1496.34,1602.62,1522.12,6775.23,8935.88,6443.96,6471.42,6838.34,6501.44,6411.89,6448.91,1203.97
849,2000.74,1599.3,1509.13,1611.86,1532.64,6821.58,8977.46,6478.96,6510.65,6876.76,6543.77,6452.12,6487.03,1209.87
850,2014.4,1609.93,1517.85,1622.02,1541.19,6860.5,9015.08,6517.83,6547.77,6914.23,6580.12,6488.74,6529.86,1216.7
851,2035.07,1620.55,1525.88,1631.39,1552.14,6899.28,9052.7,6557.37,6587.91,6951.99,6622.74,6529.67,6568.09,1223.68
852,2051.9,1631.76,1534.56,1644.68,1560.73,6943.63,9087.47,6599.07,6629.51,6987.86,6662.25,6565.44,6608.27,1231.23
853,2069.19,1642.76,1545.33,1655.41,1569.21,6985.43,9123.24,6638.77,6669.73,7027.89,6704.8,6602.6,6646.67,1238.3
854,2089.52,1654.63,1554.99,1664.37,1578.16,7024.82,9162.2,6680.56,6712.63,7065.09,6745.75,6643.6,6682.6,1244.59
855,2110.13,1664.11,1563.63,1674.48,1587.1,7066.4,9199.23,6718.57,6750.9,7105.81,6788.44,6684.41,6723.22,1250.52
856,2131.37,1673.28,1574.68,1686.67,1596.08,7111.34,9235.62,6758.98,6790.45,7144.69,6830.83,6724.17,6764.33,1257.91
857,2147.26,1683.28,1583.02,1698.07,1604.63,7156.07,9272.3,6799.06,6830.34,7185.28,6871.52,6769.16,6804.55,1266.09
858,2162.89,1695.12,1591.23,1709.36,1613.09,7196.18,9312.17,6842.13,6871.18,7225.2,6911.22,6811.17,6843.12,1272.34
859,2180.39,1707.29,1601.69,1718.5,1622.27,7238.02,9354.54,6886.35,6912.38,7266.69,6957.98,6853.34,6883,1279.47
860,2198.37,1720.77,1613.16,1729.81,1630.51,7285.88,9393.54,6927.05,6954.16,7306.67,6995.23,6893.85,6925.38,1287.26
861,2222.08,1731.13,1623.54,1742.65,1641.64,7327.04,9431.35,6967.86,6998.33,7348.91,7042.15,6938.04,6966.65,1293.31
862,2241.5,1744.1,1633.82,1753.68,1650.47,7371.53,9473.38,7008.73,7037.58,7387.95,7082.26,6977.56,7012.38,1301.12
863,2262.92,1753.69,1642.97,1763.93,1660.39,7415.78,9513.09,7048.92,7083.64,7431.85,7134.19,7014.63,7057.26,1308.33
864,2285.11,1763.68,1653.96,1776.09,1670.66,7465.06,9551.56,7090.6,7125,7474.32,7171.98,7058.51,7102.69,1314.53
865,2304.74,1775.88,1664.01,1786.43,1680.6,7508.29,9584.94,7136.84,7168.79,7520.05,7219.36,7099.17,7145.5,1322.05
866,2324.46,1787.13,1675.6,1800.76,1689.72,7552.72,9624.56,7176.37,7215.13,7562.59,7261.51,7139.29,7190.03,1330.02
867,2345.79,1798.11,1686.97,1813.64,1699.6,7594.92,9665.51,7217.78,7256.8,7606.46,7307.81,7179.52,7229.54,1337.2
868,2364.52,1809.92,1695.94,1822.79,1708.91,7641.39,9703.93,7260.89,7300.16,7649.38,7356.34,7221.35,7272.98,1345.08
869,2385.76,1821.97,1707.54,1833.94,1718.75,7691.3,9742.25,7304.47,7341.76,7693.79,7397.31,7257.23,7315.71,1352.69
870,2405.95,1836,1718.33,1842.7,1726.45,7736.96,9782.84,7349.94,7382.77,7739.76,7439.54,7301.27,7359.01,1360.15
871,2430.93,1847,1727.53,1854.97,1735.62,7784.18,9823.53,7392.78,7424.95,7786.38,7490.42,7341.54,7399.54,1367.58
872,2452.16,1861.6,1737.91,1866.25,1746.21,7839.51,9864.22,7438.28,7468.17,7830.35,7534.44,7384.7,7445.02,1376.41
873,2474.81,1872.12,1747.3,1876.57,1755.15,7895.58,9901.02,7485.54,7508.99,7876.37,7585.82,7428.34,7490.59,1384.52
874,2493.97,1882.92,1758.3,1887.26,1764.48,7946.01,9938.68,7530.84,7558.66,7919.52,7630.52,7472.79,7534.9,1391.34
875,2519.99,1894.84,1769.9,1900.64,1775.37,7997.32,9981.43,7568.36,7600.41,7962.98,7677.1,7516.69,7577.31,1400.06
876,2542.68,1907.78,1779.59,1912.09,1785.37,8049.65,10021.87,7615.5,7645.24,8007.42,7719.33,7558.72,7622.05,1409.85
877,2565.15,1921.77,1791.26,1923.17,1797,8101.14,10062.98,7653.44,7688.54,8051.02,7763.57,7606.42,7663.7,1418.58
878,2588.74,1932.4,1803.83,1935.73,1805.16,8169.91,10105.85,7704.73,7736.35,8098.68,7809.06,7649.77,7710.73,1426.58
879,2610.65,1943.37,1815.61,1948.19,1814.98,8218.63,10147.5,7747.88,7779.53,8141.59,7857.26,7693.08,7753.07,1434.18
880,2631.87,1955.68,1825.47,1960.17,1825.51,8271.93,10188.78,7795.25,7825.01,8186.57,7903.5,7738.9,7795.77,1443.98
881,2656.05,1966.15,1838,1973.39,1834.82,8324.79,10228.21,7839.4,7870.01,8231.2,7949.33,7784.2,7842.98,1453.16
882,2678.03,1980.59,1849.16,1985.71,1846.76,8382.19,10271.89,7886.49,7917.95,8276.43,7991.54,7825.99,7885.38,1460.01
883,2700.76,1992.45,1861.51,2000.45,1856.19,8431.03,10317.1,7933.53,7963.11,8316.04,8043.54,7874.42,7934.39,1468.37
884,2722.11,2005.36,1873.73,2014.37,1867.83,8485.67,10360.21,7974.25,8011.19,8360.88,8087.68,7916.83,7978.36,1477.56
885,2749.94,2018.46,1886.25,2026.88,1879.48,8536.97,10400.9,8022.39,8056.22,8401.88,8133.93,7961.76,8024.97,1486.26
886,2777.08,2033.08,1898.1,2038.66,1891.5,8590.07,10446.69,8071.01,8100.61,8452.23,8176.99,8006.83,8070.43,1495.42
887,2801.04,2047.05,1910.77,2051.52,1902.51,8640.31,10491.62,8115.95,8146.21,8493.28,8224.32,8050.3,8116.55,1504.53
888,2825.49,2060.89,1920.32,2065.2,1915.21,8686.29,10536.44,8162.21,8193.37,8540.48,8270.5,8096.84,8162.69,1513.47
889,2848.17,2074.78,1931.8,2079.79,1928.62,8737.72,10578.5,8214.17,8242.24,8583.23,8314.33,8144.51,8207.59,1523.65
890,2877.02,2088.82,1944.17,2094.28,1940.35,8792.7,10622.35,8259.54,8286.61,8629.32,8358.19,8189.76,8252.47,1532.43
891,2898.45,2104.65,1956.47,2107.1,1949.7,8853.4,10666.86,8304.81,8334.52,8674.49,8411,8241.58,8297.52,1540.58
892,2926.47,2114.51,1969.24,2121.88,1961.66,8905.51,10709.77,8351.23,8378.15,8721,8457.29,8283.88,8345.18,1550.58
893,2952.91,2127.14,1980.82,2136.96,1973.99,8969.09,10752.69,8394.16,8425.41,8769.78,8504.55,8329.3,8389.9,1560.2
894,2981.06,2141.75,1993.93,2150.84,1984.3,9024.68,10797.82,8444.47,8475.71,8815.39,8552.07,8376.96,8436.26,1570.96
895,3006.95,2155.59,2006.79,2161.81,1995.76,9081.91,10838.72,8489.99,8522.69,8865.85,8596.87,8424.67,8485.82,1580.54
896,3036.83,2168.54,2019.22,2178.81,2006.85,9132.54,10880.63,8535.53,8568.32,8911.73,8646.12,8470.6,8537.96,1588.77
897,3068.71,2181.45,2031.79,2194.5,2018.96,9179.85,10928.12,8580.31,8614.27,8958.08,8690.31,8518.02,8585.43,1599.57
898,3095.41,2194.88,2045.19,2210.6,2030.75,9231.75,10975.87,8633.06,8660.79,9005.1,8739.16,8562.64,8632.08,1609.41
899,3124.1,2209.41,2057.77,2226.46,2041.59,9293.17,11018.93,8680.03,8710.73,9051.36,8787.14,8612.96,8677.93,1618.59
900,3148.75,2225.04,2073.4,2242.27,2054.84,9348.82,11062.21,8727.44,8757.13,9093.44,8839.38,8660.02,8725.85,1627.62
901,3180.2,2237.3,2087.72,2255.94,2064.98,9398.81,11105.52,8777.93,8806.75,9145.99,8884.14,8706.81,8777,1637.81
902,3211.7,2252.06,2102.82,2271.28,2077.64,9456.85,11149.65,8822.95,8856.54,9194.11,8933.46,8754.36,8824.49,1648.66
903,3249.97,2271.78,2118.34,2284.71,2092.09,9520.87,11191.76,8869.56,8903.43,9240.67,8980.01,8808.03,8872.6,1657.15
904,3279.61,2286.52,2132.29,2299.92,2103.8,9572.05,11237.54,8919.29,8951.57,9287.2,9029.15,8851.71,8922.56,1668.29
905,3312.83,2305.55,2146.16,2314.29,2116.02,9634.08,11283.22,8968.34,8998.79,9334.98,9079.8,8908.01,8969.6,1677.83
906,3342.09,2320.8,2157.78,2333.87,2129.85,9692.93,11332.42,9015.5,9046.07,9383.23,9125.8,8957.29,9015.91,1687.24
907,3369.71,2336.32,2175.46,2350.9,2142.18,9749.63,11375.84,9067.06,9095.68,9432.65,9181.67,9007.28,9067.85,1697.24
908,3406.66,2353.28,2188.87,2370.93,2155.8,9812.29,11424.36,9113.4,9138.69,9480.23,9229.8,9057.77,9114.92,1708.42
909,3438.89,2367.85,2203.27,2388.18,2168.16,9873.33,11469.44,9163.23,9190.61,9528.37,9283.19,9104.88,9157.9,1719.5
910,3476.18,2384.66,2220.51,2404.3,2178.39,9930.92,11520.56,9208.36,9235.11,9578.47,9334.74,9154.16,9208.41,1732.21
911,3510.83,2404.6,2238.36,2421.91,2189.84,9991.18,11567.25,9261.19,9286.04,9628.29,9386.85,9205.15,9258.04,1743.56
912,3547.4,2422.14,2253.57,2437.9,2202.49,10053.69,11616.15,9311.45,9335.71,9675.57,9434.22,9253.47,9309.16,1754.76
913,3585.43,2435.59,2269.99,2459.79,2215.45,10110.45,11664.77,9364.16,9387.16,9723.6,9484.6,9303.67,9357.14,1767.55
914,3623.98,2449.84,2283.42,2479.2,2229.23,10167.67,11711.01,9414.04,9434.56,9775.06,9540.79,9351.93,9403.9,1777.74
915,3662.88,2466.34,2301.52,2494.3,2243.33,10232.37,11758.92,9462.05,9486.12,9824.5,9600.35,9404.65,9453.67,1790.77
916,3696.64,2484.22,2315.69,2511.4,2256.09,10296.85,11807.1,9516.89,9535.82,9871.46,9645.37,9454.68,9505.46,1802.69
917,3732.68,2499.29,2331.15,2531.86,2268.76,10367.1,11858.74,9563.72,9584.66,9921.51,9698.59,9505.48,9555.91,1814.27
918,3768.44,2517.03,2348.23,2549.93,2282.22,10450.81,11908.18,9616.45,9631.49,9973.79,9746.07,9552.7,9604.03,1825.67
919,3812.1,2534.29,2366.65,2568.24,2293.88,10506.09,11954.52,9666.27,9682.3,10023.37,9800.43,9602.5,9659.22,1837.43
920,3849.05,2552.27,2385.11,2580.53,2307.4,10577.94,12002.96,9717.22,9734.08,10070.28,9851.45,9654.3,9709,1849.81
921,3887.65,2573.05,2399.51,2597.5,2321.49,10641.14,12049.85,9770.68,9785.57,10121.87,9909.8,9707.25,9759.3,1861.4
922,3927.12,2589.32,2414.99,2614.52,2335.84,10713.65,12100.25,9825.89,9833.44,10172.38,9960.07,9761.02,9810.84,1874.08
923,3959.63,2608.17,2433.85,2630.8,2349.49,10778.82,12146.75,9873.79,9884.35,10225.01,10009.61,9809.53,9858.3,1888.9
924,3999.13,2625.25,2451.83,2647.42,2366.47,10856.35,12199.02,9929.74,9933.47,10278.06,10061.57,9864.93,9906.96,1903.85
925,4036.81,2641.69,2466.59,2667.58,2380.36,10933.05,12249.04,9976.09,9982.74,10326.75,10117.35,9913.12,9962.57,1916.15
926,4074.84,2663.75,2483.2,2686.73,2395.26,10999.61,12299.94,10025.83,10037.32,10381.79,10173.26,9963.77,10013.86,1931.19
927,4114.63,2682.67,2502.18,2710.59,2408.39,11083.89,12347.24,10081.77,10086.34,10433.31,10224.54,10014.12,10067.92,1943.95
928,4155.7,2702.98,2520.79,2733.83,2425.52,11153.97,12398.61,10133.76,10143.23,10485.03,10282.77,10068.6,10118.93,1958.53
929,4204.47,2726.98,2537.94,2751.74,2441.23,11222.38,12454.25,10187.37,10197.29,10539.38,10338.61,10120.8,10171.94,1971.07
930,4253.82,2747.24,2559.01,2771.75,2457.97,11308.32,12503,10238.02,10254.72,10595.77,10398.54,10175.07,10222.03,1984.13
931,4298.38,2768.75,2580.06,2793.43,2472.58,11377.54,12554.49,10291.13,10306.92,10645.53,10451.69,10225.86,10277.49,1998.45
932,4338.67,2789.51,2594.33,2814.11,2489.71,11452.46,12609.03,10349.53,10359.88,10692.56,10502.26,10279.25,10325.47,2012.62
933,4389.26,2810.87,2612.85,2839.21,2507.16,11532.12,12661.38,10407.44,10412.7,10743.67,10556.11,10339.11,10378.79,2023.86
934,4437.73,2830.51,2632.51,2860.17,2525.39,11607.2,12712.05,10456.92,10463.33,10795.59,10606.01,10394.32,10434.47,2038.64
935,4489.69,2850.19,2653.84,2880.07,2542.97,11688.8,12763.94,10513.73,10517.94,10850.13,10660.87,10450.08,10490.32,2054.01
936,4533.17,2877.17,2675.1,2902.81,2560.35,11758.09,12818.74,10570.29,10571.28,10904.08,10715.13,10506.12,10547.01,2066.84
937,4585.21,2899.11,2695.04,2926.31,2578.8,11845.53,12869.78,10627.36,10625.67,10953.57,10775.05,10566.95,10599.7,2083.32
938,4634.64,2921.75,2718.11,2948.69,2595.08,11928.17,12927.2,10675.81,10679.8,11013.24,10840.91,10621.42,10661.87,2098.62
939,4690.68,2945.8,2739,2969.44,2612.78,12008.37,12979.67,10730.8,10731.46,11065.83,10896.63,10678.45,10714.25,2116.85
940,4741.21,2968.31,2761.11,2990.9,2632.23,12095.21,13037.69,10784.5,10788.81,11115.7,10960.28,10736.78,10767.29,2134.05
941,4808.24,2990.91,2785.67,3014.52,2648.58,12179.43,13098.06,10833.35,10841.95,11173.41,11017.42,10794.67,10822.59,2151.23
942,4876.22,3011.28,2805.83,3040.97,2667.32,12278.6,13154.78,10890.47,10898.42,11226.62,11073.9,10847.78,10877.11,2168.23
943,4931.26,3035.02,2830.94,3062.66,2684.05,12356.48,13212.52,10949.31,10952.48,11277.52,11127.79,10910.54,10933.14,2187.26
944,4987.99,3057.16,2854.85,3085.69,2701.49,12453.93,13266.1,11009.25,11012.45,11336.88,11192.31,10964.43,10988.54,2203.63
945,5044.22,3078.9,2874.41,3110.06,2720.52,12547.84,13324.2,11071.31,11073.86,11388.44,11242.62,11028.91,11044.95,2219.3
946,5105.51,3104.92,2897.47,3135.57,2738.47,12635.88,13380.26,11125.39,11128.99,11444.36,11321.12,11090.82,11105.21,2237.73
947,5174.14,3129.38,2921.38,3161.48,2759.25,12728.02,13439.99,11182.29,11189.28,11500.08,11382.21,11151.71,11165,2255.29
948,5249.9,3157.5,2943.24,3184.14,2777.36,12834.21,13498.7,11239.8,11240.38,11554.98,11454,11206.47,11218.78,2271.08
949,5325.91,3185.02,2968.19,3206.76,2795.95,12927.01,13553.4,11292.41,11300.48,11611.07,11510.14,11262.13,11282.14,2289.42
950,5399.8,3213.35,2991.16,3235.49,2814.29,13015.66,13624.27,11352.59,11356.38,11670.55,11584.46,11327.43,11340.78,2306.23
951,5473.53,3242.71,3013.7,3263.31,2838.13,13115.8,13686.02,11406.33,11417.86,11728.42,11651.27,11379.79,11404.03,2323.02
952,5530.93,3272.84,3048.38,3292.06,2858.72,13215.02,13742.91,11469.03,11476.18,11783.5,11711.96,11443.99,11466.89,2340.96
953,5609.42,3300.92,3073.27,3329.8,2879.34,13323.61,13806.04,11525.29,11533.81,11845.82,11778.85,11501.71,11527.07,2362.44
954,5678.85,3334.7,3102.22,3363.34,2898.63,13426.01,13867.08,11582.83,11591.26,11909.68,11852.16,11565.96,11589.48,2386.65
955,5751.75,3368.02,3128.95,3392.47,2923.66,13535.51,13928.89,11641.27,11661.32,11967.47,11911.65,11624.8,11657.07,2412.64
956,5842.65,3396.33,3158.29,3425.94,2946.16,13637.38,13993.93,11704.21,11725.79,12022.79,11976.62,11695.26,11714.72,2434.87
957,5931.43,3431.43,3186.26,3460.32,2967.4,13745.01,14063.97,11769.83,11792.54,12089.01,12043.67,11766.76,11783.6,2457.28
958,6022.74,3466.45,3218.8,3490.72,2987.96,13860.04,14134.67,11827.87,11849.13,12156.03,12112.24,11829.3,11845.86,2477.37
959,6106.22,3496.17,3250.15,3522.05,3014.43,13976.74,14199.94,11900.31,11915.44,12219.52,12201.94,11893.16,11901.55,2498.48
960,6175.7,3530.18,3279.3,3557.97,3036.55,14090.1,14273.84,11976.58,11982.82,12277.14,12263.08,11967.72,11969.66,2526.56
961,6276.5,3559.4,3310.47,3594.48,3061.78,14208.4,14345.29,12028.63,12057.09,12341.81,12346.19,12033.62,12033.86,2548.63
962,6376.49,3590.57,3345.72,3631.83,3085.52,14327.04,14415.93,12095.55,12119.27,12408.69,12412.02,12092.84,12096.97,2576.93
963,6455.98,3625.77,3380.85,3666.5,3108.02,14448.44,14491.9,12156.8,12201.83,12472.46,12496.81,12164.15,12172.5,2605.34
964,6548.8,3662.71,3415.17,3705.58,3141.64,14583.91,14559.69,12227.04,12269.5,12530.62,12567.72,12235.93,12235.29,2634.26
965,6646.24,3701.26,3452.37,3744.55,3169.32,14710.82,14641.88,12290.6,12345.29,12596.18,12641.91,12302.5,12301.82,2658.99
966,6735.32,3747.59,3486.1,3781.72,3194.91,14827.02,14711.33,12372.96,12404.53,12664.66,12733.54,12380.74,12366.25,2691.75
967,6857.55,3791.1,3519.91,3819.58,3221.82,14964.24,14788.58,12437.48,12488.16,12736.33,12814.39,12457.11,12436.87,2722.21
968,6970.53,3830.25,3561.46,3858.06,3255.44,15106.68,14872.98,12498.96,12571.16,12810.72,12896.08,12535.27,12505.54,2745.88
969,7099.31,3877.92,3596.99,3897.53,3290.32,15256.15,14942.45,12577.41,12656.26,12872.44,12990.65,12627.19,12572.97,2773.57
970,7217.44,3917.72,3641.26,3937.07,3323.44,15406.31,15022.12,12648.08,12729.45,12958.18,13061.58,12701.52,12659.49,2804.41
971,7343.99,3959.83,3686.93,3984.05,3360.1,15561.45,15100.03,12726.38,12805.51,13031.4,13162.97,12784.27,12733.72,2841.75
972,7484.87,4000.82,3727.19,4033.81,3391.61,15722.33,15190.06,12808.22,12894.69,13102.51,13240.89,12870.67,12814.15,2886.34
973,7619.62,4052.2,3771.33,4086.7,3430.96,15895.73,15284.76,12895.36,12974.74,13177.12,13333.84,12959.98,12890.4,2927.54
974,7723.97,4114.42,3819.15,4140.13,3470.61,16046,15370.99,12972.31,13064.01,13264.76,13424.42,13057.5,12978.9,2969.22
975,7871.05,4165.38,3867.56,4184.48,3518.98,16215.66,15454.78,13052.7,13156.22,13348.33,13517,13144.21,13062.6,3007.6
976,8021.08,4220.51,3910.36,4232.25,3557.75,16380.1,15546.19,13133.83,13246.05,13433.48,13614.68,13248.79,13129.96,3046.41
977,8197.87,4280.52,3973.78,4296.58,3600.16,16583.81,15642.82,13219.41,13337.08,13531.63,13709.26,13337.84,13223.04,3089.47
978,8361.63,4331.44,4024.35,4348.96,3645.02,16798.67,15747.51,13305.43,13442.37,13627.87,13820.64,13434.72,13311.54,3131
979,8507.96,4392.36,4085.33,4408.3,3685.8,16966.65,15852.57,13404.55,13535.22,13718.24,13940.93,13521.65,13406.07,3179.38
980,8699.67,4450.67,4139.99,4467.63,3737.62,17166.77,15958.51,13494.91,13631.93,13822.94,14028.03,13636.02,13495.34,3221.93
981,8894.05,4509.3,4203.35,4537.02,3789.18,17378.75,16078.32,13615.19,13737.88,13906.57,14137.42,13743.21,13611.2,3266.45
982,9101.5,4580.75,4283.6,4606.26,3838.44,17603.56,16197.45,13732.59,13838.73,13997.42,14240.62,13838.9,13712.02,3317.07
983,9324.88,4658.75,4354.84,4686.31,3894.34,17842.19,16327.09,13829.92,13934.38,14122.45,14348.31,13947.81,13837.67,3382.78
984,9508.4,4755.07,4429.26,4768.63,3954.7,18143.66,16440.97,13939.71,14048.21,14238.08,14489.54,14075.66,13957.51,3438.93
985,9772.28,4838,4510.66,4861.5,4023.25,18353.68,16571.69,14058.12,14161.88,14334.92,14623.73,14208.29,14080.22,3511.62
986,10063.14,4920.03,4592.78,4944.83,4101.11,18638.38,16701.64,14182.07,14299.75,14447.35,14768.61,14336.53,14212.34,3580.39
987,10365.8,5014.06,4676.25,5037.63,4171.27,19006.05,16854.95,14307.43,14424.89,14560.87,14900.83,14485.57,14336.59,3661.83
988,10667.89,5120.55,4783.89,5128.26,4242.23,19312.14,17042.02,14434.22,14562.41,14696.3,15041.02,14624.2,14471.33,3748.78
989,10981.25,5212.56,4876.1,5246.11,4334.31,19691.97,17221.45,14573.84,14681.16,14806.29,15215.08,14803.38,14608.74,3826.46
990,11285.96,5342.98,4996.1,5378.99,4434.42,20063.31,17399.99,14709.16,14842.4,14934.7,15384.64,14959.09,14755.33,3916.37
991,11614.89,5465.34,5114.28,5513.53,4543.97,20524.88,17619.84,14881.09,15007.44,15089.56,15580.04,15128.81,14903.54,4025.43
992,12018.74,5616.22,5259.89,5699.18,4660.49,20959.51,17828.48,15041.46,15224.29,15257.75,15766.16,15328.43,15058.21,4148.99
993,12413.2,5784.91,5424.56,5869.29,4778.44,21451.71,18092.58,15239.05,15409.16,15452.03,15935.59,15526.69,15255.25,4288.5
994,12992.33,5974.44,5603.29,6041.23,4906.37,22006.12,18417.99,15472.06,15692.37,15641.44,16183.6,15745.44,15462.32,4434.54
995,13634.02,6202.59,5859.13,6226.35,5091.69,22790.33,18726.13,15666.68,15935.62,15870.62,16450.68,16045.76,15684.23,4597.73
996,14394.94,6482.55,6107.57,6515.98,5299.61,23610.76,19085.4,15938.09,16239.44,16116.84,16768.56,16335.93,15948.8,4825.4
997,15213.05,6851.07,6454.6,6798.33,5569.32,24517.85,19485.09,16278.09,16567.64,16468.73,17195.43,16680.25,16244.75,5109.57
998,16657.03,7305.7,6851.64,7227.05,5867.56,25908.47,20096.16,16744.18,16997.36,16807.37,17692.39,17161.54,16675.36,5436.22
999,18635.75,7903.5,7528.43,7764.06,6329.16,27988.37,21173.53,17429.22,17622.56,17396.52,18192.08,17813.08,17300.61,5849.05
1000,22936.97,9239.53,8598.65,9041.29,7293.4,31850.31,23269.06,18563.58,18882.84,18663.66,19781.23,18870.76,18369.06,6843.42
